Activity ID,Student ID,Activity Name,Activity Type,grades_participated
1,1,Next Generation Ovarian Cancer Alliance,Health & Wellness,10
2,1,Next Generation Ovarian Cancer Alliance,Health & Wellness,11
3,1,The Detroit Partnership,Cultural/Ethnic,C1
4,2,Michigan Immigration and Labor Law Association,Service/Service Learning,7
5,2,Michigan Immigration and Labor Law Association,Service/Service Learning,8
6,2,M-HEAL Neonatal Asphyxia Project,Activism,9
7,2,Next Generation Ovarian Cancer Alliance,Health & Wellness,11
8,2,Next Generation Ovarian Cancer Alliance,Health & Wellness,12
9,2,"Michigan Council of Nurse Practitioners, University of Michigan - Ann Arbor School of Nursing Student Affiliate Chapter",Service/Service Learning,C1
10,2,Materials Science & Engineering Graduate Student Council,Science/Technology/Engineering,C5
11,3,Materials Science & Engineering Graduate Student Council,Science/Technology/Engineering,5
12,3,M-HEAL Meeting Elderly Needs by Design,Graduate/Professional,5
13,3,Michigan Model Congress,Governance,5
14,3,Choosing Wisely Chapter at the University of Michigan,Graduate/Professional,5
15,3,Blueprint Literary Magazine,Media & Creative Writing,5
16,3,Environmental Health Student Association,Science/Technology/Engineering,5
17,3,Writers' Community,Media & Creative Writing,5
18,3,Materials Science & Engineering Graduate Student Council,Science/Technology/Engineering,6
19,3,M-HEAL Meeting Elderly Needs by Design,Graduate/Professional,6
20,3,Michigan Model Congress,Governance,6
21,3,Choosing Wisely Chapter at the University of Michigan,Graduate/Professional,6
22,3,Writers' Community,Media & Creative Writing,6
23,3,Materials Science & Engineering Graduate Student Council,Science/Technology/Engineering,7
24,3,M-HEAL Meeting Elderly Needs by Design,Graduate/Professional,7
25,3,Michigan Model Congress,Governance,7
26,3,Choosing Wisely Chapter at the University of Michigan,Graduate/Professional,7
27,3,Writers' Community,Media & Creative Writing,7
28,3,Materials Science & Engineering Graduate Student Council,Science/Technology/Engineering,8
29,3,M-HEAL Meeting Elderly Needs by Design,Graduate/Professional,8
30,3,Michigan Model Congress,Governance,8
31,3,Choosing Wisely Chapter at the University of Michigan,Graduate/Professional,8
32,3,Writers' Community,Media & Creative Writing,8
33,3,Tauber Institute Student Advisory Board,Graduate/Professional,9
34,3,JHealth at The University of Michigan,Academic/Honor Societies,9
35,3,American Society of Mechanical Engineers,Graduate/Professional,9
36,3,Design + Business,Academic/Honor Societies,9
37,3,Compost Michigan,Graduate/Professional,9
38,3,Tauber Institute Student Advisory Board,Graduate/Professional,10
39,3,JHealth at The University of Michigan,Academic/Honor Societies,10
40,3,American Society of Mechanical Engineers,Graduate/Professional,10
41,3,Design + Business,Academic/Honor Societies,10
42,3,Compost Michigan,Graduate/Professional,10
43,3,Criminal Law Society,Service/Service Learning,10
44,3,Tauber Institute Student Advisory Board,Graduate/Professional,11
45,3,JHealth at The University of Michigan,Academic/Honor Societies,11
46,3,American Society of Mechanical Engineers,Graduate/Professional,11
47,3,Design + Business,Academic/Honor Societies,11
48,3,Compost Michigan,Graduate/Professional,11
49,3,Criminal Law Society,Service/Service Learning,11
50,3,Tauber Institute Student Advisory Board,Graduate/Professional,12
51,3,JHealth at The University of Michigan,Academic/Honor Societies,12
52,3,American Society of Mechanical Engineers,Graduate/Professional,12
53,3,Design + Business,Academic/Honor Societies,12
54,3,Compost Michigan,Graduate/Professional,12
55,3,Criminal Law Society,Service/Service Learning,12
56,3,"Lambda Theta Alpha Latin Sorority, Inc. - Beta Omicron Chapter",Service/Service Learning,C1
57,3,Pre-Vet Club,Service/Service Learning,C1
58,3,Affordable Michigan,Activism,C1
59,3,Science For The People,Activism,C1
60,3,THE AMERICAN RED CROSS CLUB ,Health & Wellness,C1
61,3,Galens Medical Society Smoker,Media & Creative Writing,C1
62,3,Future Doctors in Politics at the University of Michigan,Health & Wellness,C1
63,3,"Lambda Theta Alpha Latin Sorority, Inc. - Beta Omicron Chapter",Service/Service Learning,C2
64,3,Affordable Michigan,Activism,C2
65,3,Science For The People,Activism,C2
66,3,THE AMERICAN RED CROSS CLUB ,Health & Wellness,C2
67,3,Future Doctors in Politics at the University of Michigan,Health & Wellness,C2
68,3,"Lambda Theta Alpha Latin Sorority, Inc. - Beta Omicron Chapter",Service/Service Learning,C3
69,3,Affordable Michigan,Activism,C3
70,3,Science For The People,Activism,C3
71,3,THE AMERICAN RED CROSS CLUB ,Health & Wellness,C3
72,3,Future Doctors in Politics at the University of Michigan,Health & Wellness,C3
73,3,Film and Video Student Association,Creative & Performing Arts,C3
74,3,Microfluidics in Biomedical Sciences Student Organization,Academic/Honor Societies,C3
75,3,"Lambda Theta Alpha Latin Sorority, Inc. - Beta Omicron Chapter",Service/Service Learning,C4
76,3,Affordable Michigan,Activism,C4
77,3,Science For The People,Activism,C4
78,3,THE AMERICAN RED CROSS CLUB ,Health & Wellness,C4
79,3,Future Doctors in Politics at the University of Michigan,Health & Wellness,C4
80,3,Film and Video Student Association,Creative & Performing Arts,C4
81,3,Microfluidics in Biomedical Sciences Student Organization,Academic/Honor Societies,C4
82,3,Affordable Michigan,Activism,C5
83,3,Science For The People,Activism,C5
84,3,THE AMERICAN RED CROSS CLUB ,Health & Wellness,C5
85,3,Future Doctors in Politics at the University of Michigan,Health & Wellness,C5
86,3,Microfluidics in Biomedical Sciences Student Organization,Academic/Honor Societies,C5
87,4,Affordable Michigan,Activism,5
88,4,Science For The People,Activism,5
89,4,Future Doctors in Politics at the University of Michigan,Health & Wellness,5
90,4,Microfluidics in Biomedical Sciences Student Organization,Academic/Honor Societies,5
91,4,Affordable Michigan,Activism,6
92,4,Science For The People,Activism,6
93,4,Future Doctors in Politics at the University of Michigan,Health & Wellness,6
94,4,Microfluidics in Biomedical Sciences Student Organization,Academic/Honor Societies,6
95,4,Friends of the Campus Farm,Health & Wellness,6
96,4,Affordable Michigan,Activism,7
97,4,Future Doctors in Politics at the University of Michigan,Health & Wellness,7
98,4,Microfluidics in Biomedical Sciences Student Organization,Academic/Honor Societies,7
99,4,Friends of the Campus Farm,Health & Wellness,7
100,4,Affordable Michigan,Activism,8
101,4,Future Doctors in Politics at the University of Michigan,Health & Wellness,8
102,4,Friends of the Campus Farm,Health & Wellness,8
103,4,The Socratic Club,Creative & Performing Arts,9
104,4,LGBTQ+ Peer-Led Support Group,Activism,9
105,4,Student Astronomical Society,Academic/Honor Societies,9
106,4,The Socratic Club,Creative & Performing Arts,10
107,4,LGBTQ+ Peer-Led Support Group,Activism,10
108,4,Student Astronomical Society,Academic/Honor Societies,10
109,4,The Socratic Club,Creative & Performing Arts,11
110,4,LGBTQ+ Peer-Led Support Group,Activism,11
111,4,Student Astronomical Society,Academic/Honor Societies,11
112,4,Michigan Chapter of Triangle Fraternity,Graduate/Professional,11
113,4,LGBTQ+ Peer-Led Support Group,Activism,12
114,4,Student Astronomical Society,Academic/Honor Societies,12
115,4,Michigan Chapter of Triangle Fraternity,Graduate/Professional,12
116,4,Sigma Kappa,Service/Service Learning,C1
117,4,Ballroom Dance Club,Health & Wellness,C1
118,4,Undergraduate Student National Dental Association Chapter at the University of Michigan,Graduate/Professional,C1
119,4,Sigma Kappa,Service/Service Learning,C2
120,4,Ballroom Dance Club,Health & Wellness,C2
121,4,Undergraduate Student National Dental Association Chapter at the University of Michigan,Graduate/Professional,C2
122,4,Sigma Kappa,Service/Service Learning,C3
123,4,Ballroom Dance Club,Health & Wellness,C3
124,4,Undergraduate Student National Dental Association Chapter at the University of Michigan,Graduate/Professional,C3
125,4,Black Student Psychological Association,Cultural/Ethnic,C3
126,4,Sigma Kappa,Service/Service Learning,C4
127,4,Ballroom Dance Club,Health & Wellness,C4
128,4,Undergraduate Student National Dental Association Chapter at the University of Michigan,Graduate/Professional,C4
129,4,Black Student Psychological Association,Cultural/Ethnic,C4
130,4,Sigma Kappa,Service/Service Learning,C5
131,4,Ballroom Dance Club,Health & Wellness,C5
132,4,Undergraduate Student National Dental Association Chapter at the University of Michigan,Graduate/Professional,C5
133,4,Black Student Psychological Association,Cultural/Ethnic,C5
134,4,Undergraduate Political Science Association,Academic/Honor Societies,C5
135,5,Ballroom Dance Club,Health & Wellness,5
136,5,Undergraduate Political Science Association,Academic/Honor Societies,5
137,5,University of Michigan Solar Car Team,Sport Clubs & Recreation,7
138,5,University of Michigan Solar Car Team,Sport Clubs & Recreation,8
139,5,FeelGood at the University of Michigan,Environmental,10
140,5,FeelGood at the University of Michigan,Environmental,11
141,5,Atmospheres Making Positive Moments ,Academic/Honor Societies,11
142,5,WCBN FM,Media & Creative Writing,C1
143,5,Women and Gender in Public Policy,Activism,C4
144,5,Women and Gender in Public Policy,Activism,C5
145,6,Women and Gender in Public Policy,Activism,5
146,6,Not Even Really Drama Students,Gender/Sexuality,5
147,6,Not Even Really Drama Students,Gender/Sexuality,6
148,6,Not Even Really Drama Students,Gender/Sexuality,7
149,6,Pi Alpha Phi,Cultural/Ethnic,7
150,6,Not Even Really Drama Students,Gender/Sexuality,8
151,6,Pi Alpha Phi,Cultural/Ethnic,8
152,6,MAcc Student Association,Graduate/Professional,8
153,6,Michigan Magic,Service/Service Learning,9
154,6,Michigan Magic,Service/Service Learning,10
155,6,Indian American Student Association,Creative & Performing Arts,10
156,6,Student Sustainability Coalition,Health & Wellness,10
157,6,Michigan Magic,Service/Service Learning,11
158,6,Student Sustainability Coalition,Health & Wellness,11
159,6,Michigan Magic,Service/Service Learning,12
160,6,Student Sustainability Coalition,Health & Wellness,12
161,6,Michigan Field Hockey Club,Sport Clubs & Recreation,12
162,6,Kindness in Numbers,Health & Wellness,C1
163,6,Canopy Sustainability Magazine,Creative & Performing Arts,C1
164,6,Kindness in Numbers,Health & Wellness,C2
165,6,Canopy Sustainability Magazine,Creative & Performing Arts,C2
166,6,Kindness in Numbers,Health & Wellness,C3
167,6,Canopy Sustainability Magazine,Creative & Performing Arts,C3
168,6,Kindness in Numbers,Health & Wellness,C4
169,6,Canopy Sustainability Magazine,Creative & Performing Arts,C4
170,6,Kindness in Numbers,Health & Wellness,C5
171,6,Canopy Sustainability Magazine,Creative & Performing Arts,C5
172,7,Kindness in Numbers,Health & Wellness,5
173,7,Canopy Sustainability Magazine,Creative & Performing Arts,5
174,7,Earth Friendly Food,Activism,5
175,7,Theta Sigma Transfer Student Professional Fraternity,Social Fraternity/Sorority,5
176,7,Sigma Gamma Tau,Service/Service Learning,5
177,7,Kindness in Numbers,Health & Wellness,6
178,7,Canopy Sustainability Magazine,Creative & Performing Arts,6
179,7,Earth Friendly Food,Activism,6
180,7,Theta Sigma Transfer Student Professional Fraternity,Social Fraternity/Sorority,6
181,7,Sigma Gamma Tau,Service/Service Learning,6
182,7,Kindness in Numbers,Health & Wellness,7
183,7,Earth Friendly Food,Activism,7
184,7,Theta Sigma Transfer Student Professional Fraternity,Social Fraternity/Sorority,7
185,7,Kindness in Numbers,Health & Wellness,8
186,7,Earth Friendly Food,Activism,8
187,7,Theta Sigma Transfer Student Professional Fraternity,Social Fraternity/Sorority,8
188,7,College Republicans at the University of Michigan,Service/Service Learning,8
189,7,Choosing Wisely Chapter at the University of Michigan,Health & Wellness,8
190,7,Taiwan Student Association,Cultural/Ethnic,9
191,7,M-HEAL Project Alivio,Cultural/Ethnic,9
192,7,American Civil Liberties Union Undergraduate Chapter,Governance,9
193,7,Taiwan Student Association,Cultural/Ethnic,10
194,7,M-HEAL Project Alivio,Cultural/Ethnic,10
195,7,American Civil Liberties Union Undergraduate Chapter,Governance,10
196,7,Taiwan Student Association,Cultural/Ethnic,11
197,7,M-HEAL Project Alivio,Cultural/Ethnic,11
198,7,American Civil Liberties Union Undergraduate Chapter,Governance,11
199,7,Taiwan Student Association,Cultural/Ethnic,12
200,7,M-HEAL Project Alivio,Cultural/Ethnic,12
201,7,American Civil Liberties Union Undergraduate Chapter,Governance,12
202,7,Foundation for International Medical Relief of Children,Health & Wellness,C1
203,7,Equitable Change Organization,Activism,C1
204,7,Michigan Fashion Media Summit,Media & Creative Writing,C1
205,7,Ambatana Multicultural Council,Service/Service Learning,C1
206,7,Foundation for International Medical Relief of Children,Health & Wellness,C2
207,7,Equitable Change Organization,Activism,C2
208,7,Michigan Fashion Media Summit,Media & Creative Writing,C2
209,7,Foundation for International Medical Relief of Children,Health & Wellness,C3
210,7,Equitable Change Organization,Activism,C3
211,7,Michigan Fashion Media Summit,Media & Creative Writing,C3
212,7,Foundation for International Medical Relief of Children,Health & Wellness,C4
213,7,Equitable Change Organization,Activism,C4
214,7,Michigan Fashion Media Summit,Media & Creative Writing,C4
215,7,Foundation for International Medical Relief of Children,Health & Wellness,C5
216,7,Equitable Change Organization,Activism,C5
217,7,Michigan Fashion Media Summit,Media & Creative Writing,C5
218,7,Health-System Student Pharmacists at the University of Michigan,Graduate/Professional,C5
219,7,"Entertainment, Media, and Arts Law Students Association",Creative & Performing Arts,C5
220,8,Foundation for International Medical Relief of Children,Health & Wellness,5
221,8,Equitable Change Organization,Activism,5
222,8,Michigan Fashion Media Summit,Media & Creative Writing,5
223,8,Health-System Student Pharmacists at the University of Michigan,Graduate/Professional,5
224,8,"Entertainment, Media, and Arts Law Students Association",Creative & Performing Arts,5
225,8,Michigan Baseball and Sabermetrics Club,Media & Creative Writing,5
226,8,Foundation for International Medical Relief of Children,Health & Wellness,6
227,8,Michigan Fashion Media Summit,Media & Creative Writing,6
228,8,Health-System Student Pharmacists at the University of Michigan,Graduate/Professional,6
229,8,"Entertainment, Media, and Arts Law Students Association",Creative & Performing Arts,6
230,8,Michigan Baseball and Sabermetrics Club,Media & Creative Writing,6
231,8,Foundation for International Medical Relief of Children,Health & Wellness,7
232,8,Health-System Student Pharmacists at the University of Michigan,Graduate/Professional,7
233,8,"Entertainment, Media, and Arts Law Students Association",Creative & Performing Arts,7
234,8,Michigan Baseball and Sabermetrics Club,Media & Creative Writing,7
235,8,Foundation for International Medical Relief of Children,Health & Wellness,8
236,8,Health-System Student Pharmacists at the University of Michigan,Graduate/Professional,8
237,8,"Entertainment, Media, and Arts Law Students Association",Creative & Performing Arts,8
238,8,Michigan Baseball and Sabermetrics Club,Media & Creative Writing,8
239,8,Women In Leadership,Graduate/Professional,9
240,8,University of Michigan Solar Car Team,Sport Clubs & Recreation,9
241,8,Psi Upsilon Fraternity,Activism,9
242,8,International Refugee Assistance Project: Michigan Chapter,Activism,9
243,8,University of Michigan Asylum Collaborative,Activism,9
244,8,University of Michigan Solar Car Team,Sport Clubs & Recreation,10
245,8,Psi Upsilon Fraternity,Activism,10
246,8,International Refugee Assistance Project: Michigan Chapter,Activism,10
247,8,University of Michigan Asylum Collaborative,Activism,10
248,8,University of Michigan Solar Car Team,Sport Clubs & Recreation,11
249,8,Psi Upsilon Fraternity,Activism,11
250,8,International Refugee Assistance Project: Michigan Chapter,Activism,11
251,8,University of Michigan Asylum Collaborative,Activism,11
252,8,Michigan Academics Competition/UAC,Academic/Honor Societies,11
253,8,Theta Capital,Science/Technology/Engineering,11
254,8,University of Michigan Solar Car Team,Sport Clubs & Recreation,12
255,8,Psi Upsilon Fraternity,Activism,12
256,8,University of Michigan Asylum Collaborative,Activism,12
257,8,Michigan Academics Competition/UAC,Academic/Honor Societies,12
258,8,Domestic Policy Corps,Graduate/Professional,C1
259,8,Michigan Muscle Club,Sport Clubs & Recreation,C1
260,8,New Movement,Creative & Performing Arts,C1
261,8,Student Rights Project,Activism,C1
262,8,Relay for Life at the College of Pharmacy,Graduate/Professional,C1
263,8,Domestic Policy Corps,Graduate/Professional,C2
264,8,Michigan Muscle Club,Sport Clubs & Recreation,C2
265,8,New Movement,Creative & Performing Arts,C2
266,8,Student Rights Project,Activism,C2
267,8,Relay for Life at the College of Pharmacy,Graduate/Professional,C2
268,8,Medical Student Council at the University of Michigan Medical School,Graduate/Professional,C2
269,8,Domestic Policy Corps,Graduate/Professional,C3
270,8,New Movement,Creative & Performing Arts,C3
271,8,Student Rights Project,Activism,C3
272,8,Relay for Life at the College of Pharmacy,Graduate/Professional,C3
273,8,Medical Student Council at the University of Michigan Medical School,Graduate/Professional,C3
274,8,Domestic Policy Corps,Graduate/Professional,C4
275,8,Student Rights Project,Activism,C4
276,8,Relay for Life at the College of Pharmacy,Graduate/Professional,C4
277,8,Medical Student Council at the University of Michigan Medical School,Graduate/Professional,C4
278,8,Domestic Policy Corps,Graduate/Professional,C5
279,8,Student Rights Project,Activism,C5
280,8,Relay for Life at the College of Pharmacy,Graduate/Professional,C5
281,8,Medical Student Council at the University of Michigan Medical School,Graduate/Professional,C5
282,9,Relay for Life at the College of Pharmacy,Graduate/Professional,5
283,9,Relay for Life at the College of Pharmacy,Graduate/Professional,6
284,9,SAE Michigan Baja Racing,Graduate/Professional,6
285,9,Biomedical Engineering Society,Academic/Honor Societies,8
286,9,Project HEAL at the University of Michigan,Service/Service Learning,8
287,9,Social Work Doctoral Student Organization,Graduate/Professional,9
288,9,University of Michigan Women's Rugby Football Club,Sport Clubs & Recreation,9
289,9,University of Michigan Women's Rugby Football Club,Sport Clubs & Recreation,10
290,9,University of Michigan Women's Rugby Football Club,Sport Clubs & Recreation,11
291,9,University of Michigan Women's Rugby Football Club,Sport Clubs & Recreation,12
292,9,Foundation for International Medical Relief of Children,Health & Wellness,C1
293,9,Foundation for International Medical Relief of Children,Health & Wellness,C2
294,9,College Essay Revising Partnership,Media & Creative Writing,C2
295,9,Foundation for International Medical Relief of Children,Health & Wellness,C3
296,9,INvent,Cultural/Ethnic,C5
297,11,Dance Mix,Creative & Performing Arts,5
298,11,The PhD Forum at the Stephen M. Ross School of Business,Academic/Honor Societies,5
299,11,Dance Mix,Creative & Performing Arts,6
300,11,The PhD Forum at the Stephen M. Ross School of Business,Academic/Honor Societies,6
301,11,Women in Mathematics,Gender/Sexuality,6
302,11,Association of Black Social Work Students,Graduate/Professional,6
303,11,The PhD Forum at the Stephen M. Ross School of Business,Academic/Honor Societies,7
304,11,Women in Mathematics,Gender/Sexuality,7
305,11,Association of Black Social Work Students,Graduate/Professional,7
306,11,The PhD Forum at the Stephen M. Ross School of Business,Academic/Honor Societies,8
307,11,Women in Mathematics,Gender/Sexuality,8
308,11,Association of Black Social Work Students,Graduate/Professional,8
309,11,Crochet Connections,Creative & Performing Arts,9
310,11,Pay It Forward!,Academic/Honor Societies,9
311,11,Crochet Connections,Creative & Performing Arts,10
312,11,Pay It Forward!,Academic/Honor Societies,10
313,11,Crochet Connections,Creative & Performing Arts,11
314,11,Pay It Forward!,Academic/Honor Societies,11
315,11,Zeta Omega Eta,Cultural/Ethnic,11
316,11,Crochet Connections,Creative & Performing Arts,12
317,11,Pay It Forward!,Academic/Honor Societies,12
318,11,Zeta Omega Eta,Cultural/Ethnic,12
319,11,Alpine Ski and Snowboard Team,Sport Clubs & Recreation,12
320,11,The Quito Project,Activism,C1
321,11,Alpha Pi Mu - Industrial Engineering Honor Society,Service/Service Learning,C1
322,11,The Quito Project,Activism,C2
323,11,Alpha Pi Mu - Industrial Engineering Honor Society,Service/Service Learning,C2
324,11,The Quito Project,Activism,C3
325,11,Alpha Pi Mu - Industrial Engineering Honor Society,Service/Service Learning,C3
326,11,Sigma Nu ,Social Fraternity/Sorority,C3
327,11,Graduate Christian Fellowship,Graduate/Professional,C3
328,11,The Quito Project,Activism,C4
329,11,Alpha Pi Mu - Industrial Engineering Honor Society,Service/Service Learning,C4
330,11,Sigma Nu ,Social Fraternity/Sorority,C4
331,11,Graduate Christian Fellowship,Graduate/Professional,C4
332,11,The Quito Project,Activism,C5
333,11,Sigma Nu ,Social Fraternity/Sorority,C5
334,12,The Quito Project,Activism,5
335,12,Sigma Nu ,Social Fraternity/Sorority,5
336,12,WE READ,Creative & Performing Arts,5
337,12,The Quito Project,Activism,6
338,12,Sigma Nu ,Social Fraternity/Sorority,6
339,12,WE READ,Creative & Performing Arts,6
340,12,Human Powered Submarine Team,Sport Clubs & Recreation,6
341,12,The Quito Project,Activism,7
342,12,Sigma Nu ,Social Fraternity/Sorority,7
343,12,WE READ,Creative & Performing Arts,7
344,12,Human Powered Submarine Team,Sport Clubs & Recreation,7
345,12,Sigma Nu ,Social Fraternity/Sorority,8
346,12,WE READ,Creative & Performing Arts,8
347,12,Human Powered Submarine Team,Sport Clubs & Recreation,8
348,12,Michigan Scuba Club,Health & Wellness,9
349,12,Computer Science and Engineering Graduate Student Organization,Graduate/Professional,9
350,12,University of Michigan Esports,Sport Clubs & Recreation,9
351,12,Michigan Scuba Club,Health & Wellness,10
352,12,Computer Science and Engineering Graduate Student Organization,Graduate/Professional,10
353,12,University of Michigan Esports,Sport Clubs & Recreation,10
354,12,Michigan Scuba Club,Health & Wellness,11
355,12,Computer Science and Engineering Graduate Student Organization,Graduate/Professional,11
356,12,University of Michigan Esports,Sport Clubs & Recreation,11
357,12,Michigan Scuba Club,Health & Wellness,12
358,12,Computer Science and Engineering Graduate Student Organization,Graduate/Professional,12
359,12,Michigan Finance and Mathematics Society,Academic/Honor Societies,C1
360,12,Society for Space Law and the Law of the Sea,Graduate/Professional,C1
361,12,Student Community of Progressive Empowerment,Activism,C1
362,12,Society for Human Resource Management at the University of Michigan,Academic/Honor Societies,C1
363,12,Society for Space Law and the Law of the Sea,Graduate/Professional,C2
364,12,Society for Human Resource Management at the University of Michigan,Academic/Honor Societies,C2
365,12,Society for Space Law and the Law of the Sea,Graduate/Professional,C3
366,12,Society for Human Resource Management at the University of Michigan,Academic/Honor Societies,C3
367,12,Michigan Business Group,Academic/Honor Societies,C3
368,12,Society for Space Law and the Law of the Sea,Graduate/Professional,C4
369,12,Society for Human Resource Management at the University of Michigan,Academic/Honor Societies,C4
370,12,Michigan Business Group,Academic/Honor Societies,C4
371,12,Society for Space Law and the Law of the Sea,Graduate/Professional,C5
372,12,Society for Human Resource Management at the University of Michigan,Academic/Honor Societies,C5
373,12,Michigan Business Group,Academic/Honor Societies,C5
374,13,Society for Space Law and the Law of the Sea,Graduate/Professional,5
375,13,Society for Human Resource Management at the University of Michigan,Academic/Honor Societies,5
376,13,Michigan Business Group,Academic/Honor Societies,5
377,13,Ford + Munk Conference Committee,Graduate/Professional,5
378,13,Society for Space Law and the Law of the Sea,Graduate/Professional,6
379,13,Society for Human Resource Management at the University of Michigan,Academic/Honor Societies,6
380,13,Ford + Munk Conference Committee,Graduate/Professional,6
381,13,Society for Space Law and the Law of the Sea,Graduate/Professional,7
382,13,Society for Human Resource Management at the University of Michigan,Academic/Honor Societies,7
383,13,Ford + Munk Conference Committee,Graduate/Professional,7
384,13,WCBN FM,Creative & Performing Arts,7
385,13,Society for Space Law and the Law of the Sea,Graduate/Professional,8
386,13,WCBN FM,Creative & Performing Arts,8
387,13,Epsilon Eta,Environmental,9
388,13,Groove/UAC,Creative & Performing Arts,9
389,13,Epsilon Eta,Environmental,10
390,13,Groove/UAC,Creative & Performing Arts,10
391,13,APEX Consulting Group,Business & Entrepreneurship,10
392,13,Michigan Concrete Canoe Team,Sport Clubs & Recreation,10
393,13,Epsilon Eta,Environmental,11
394,13,Groove/UAC,Creative & Performing Arts,11
395,13,APEX Consulting Group,Business & Entrepreneurship,11
396,13,Michigan Concrete Canoe Team,Sport Clubs & Recreation,11
397,13,Epsilon Eta,Environmental,12
398,13,Groove/UAC,Creative & Performing Arts,12
399,13,APEX Consulting Group,Business & Entrepreneurship,12
400,13,Student Nurses' Association,Graduate/Professional,C1
401,13,Public Interest Research Group in Michigan Students,Activism,C1
402,13,Student Nurses' Association,Graduate/Professional,C2
403,13,Public Interest Research Group in Michigan Students,Activism,C2
404,13,Student Nurses' Association,Graduate/Professional,C3
405,13,Public Interest Research Group in Michigan Students,Activism,C3
406,13,National Council of Negro Women at The University of Michigan,Service/Service Learning,C3
407,14,Student Nurses' Association,Graduate/Professional,5
408,14,Public Interest Research Group in Michigan Students,Activism,5
409,14,National Council of Negro Women at The University of Michigan,Service/Service Learning,5
410,14,University of Michigan Student-Run Free Clinic,Health & Wellness,5
411,14,Student Nurses' Association,Graduate/Professional,6
412,14,Public Interest Research Group in Michigan Students,Activism,6
413,14,National Council of Negro Women at The University of Michigan,Service/Service Learning,6
414,14,University of Michigan Student-Run Free Clinic,Health & Wellness,6
415,14,Multiple Sclerosis Awareness Association,Health & Wellness,6
416,14,Student Nurses' Association,Graduate/Professional,7
417,14,Public Interest Research Group in Michigan Students,Activism,7
418,14,National Council of Negro Women at The University of Michigan,Service/Service Learning,7
419,14,University of Michigan Student-Run Free Clinic,Health & Wellness,7
420,14,Multiple Sclerosis Awareness Association,Health & Wellness,7
421,14,Student Nurses' Association,Graduate/Professional,8
422,14,Public Interest Research Group in Michigan Students,Activism,8
423,14,National Council of Negro Women at The University of Michigan,Service/Service Learning,8
424,14,University of Michigan Student-Run Free Clinic,Health & Wellness,8
425,14,Multiple Sclerosis Awareness Association,Health & Wellness,8
426,14,Climate Blue,Media & Creative Writing,8
427,14,Pharmacy Student Government Council,Governance,9
428,14,Community for Survivors,Cultural/Ethnic,9
429,14,African Graduate Students Association,Activism,9
430,14,EnspiRED Runway ,Media & Creative Writing,9
431,14,Pharmacy Student Government Council,Governance,10
432,14,Community for Survivors,Cultural/Ethnic,10
433,14,African Graduate Students Association,Activism,10
434,14,EnspiRED Runway ,Media & Creative Writing,10
435,14,Adam Smith Society,Activism,10
436,14,Pharmacy Student Government Council,Governance,11
437,14,Community for Survivors,Cultural/Ethnic,11
438,14,EnspiRED Runway ,Media & Creative Writing,11
439,14,Adam Smith Society,Activism,11
440,14,Pharmacy Student Government Council,Governance,12
441,14,Community for Survivors,Cultural/Ethnic,12
442,14,EnspiRED Runway ,Media & Creative Writing,12
443,14,Adam Smith Society,Activism,12
444,14,Women of Color & The Academy,Graduate/Professional,12
445,14,Student Funded Fellowships,Service/Service Learning,C1
446,14,Center for Research Support,Graduate/Professional,C1
447,14,Legal Advocates for Children & Youth,Service/Service Learning,C1
448,14,Tabletop Gaming Club,Sport Clubs & Recreation,C1
449,14,Student Funded Fellowships,Service/Service Learning,C2
450,14,Center for Research Support,Graduate/Professional,C2
451,14,Legal Advocates for Children & Youth,Service/Service Learning,C2
452,14,Tabletop Gaming Club,Sport Clubs & Recreation,C2
453,14,Peer Led Support Group for People of Color,Gender/Sexuality,C2
454,14,Student Funded Fellowships,Service/Service Learning,C3
455,14,Center for Research Support,Graduate/Professional,C3
456,14,Tabletop Gaming Club,Sport Clubs & Recreation,C3
457,14,Peer Led Support Group for People of Color,Gender/Sexuality,C3
458,14,Student Funded Fellowships,Service/Service Learning,C4
459,14,Center for Research Support,Graduate/Professional,C4
460,14,Tabletop Gaming Club,Sport Clubs & Recreation,C4
461,14,Peer Led Support Group for People of Color,Gender/Sexuality,C4
462,14,Student Funded Fellowships,Service/Service Learning,C5
463,14,Center for Research Support,Graduate/Professional,C5
464,14,Tabletop Gaming Club,Sport Clubs & Recreation,C5
465,14,Peer Led Support Group for People of Color,Gender/Sexuality,C5
466,14,Girl Up Michigan,Health & Wellness,C5
467,14,Auto Repair Consulting Club,Health & Wellness,C5
468,15,Student Funded Fellowships,Service/Service Learning,5
469,15,Tabletop Gaming Club,Sport Clubs & Recreation,5
470,15,Girl Up Michigan,Health & Wellness,5
471,15,Student Funded Fellowships,Service/Service Learning,6
472,15,Tabletop Gaming Club,Sport Clubs & Recreation,6
473,15,Girl Up Michigan,Health & Wellness,6
474,15,Wolverine Connections,Service/Service Learning,6
475,15,Student Funded Fellowships,Service/Service Learning,7
476,15,Tabletop Gaming Club,Sport Clubs & Recreation,7
477,15,Girl Up Michigan,Health & Wellness,7
478,15,Wolverine Connections,Service/Service Learning,7
479,15,Michigan Business & Entrepreneurial Law Review ,Academic/Honor Societies,7
480,15,Student Funded Fellowships,Service/Service Learning,8
481,15,Tabletop Gaming Club,Sport Clubs & Recreation,8
482,15,Girl Up Michigan,Health & Wellness,8
483,15,Wolverine Connections,Service/Service Learning,8
484,15,Michigan Business & Entrepreneurial Law Review ,Academic/Honor Societies,8
485,15,Black Undergraduate Medical Association,Science/Technology/Engineering,9
486,15,Lebanese Student Association,Cultural/Ethnic,9
487,15,Graduate Student Advisory Committee-ISD,Governance,9
488,15,Students for the Exploration and Development of Space,Service/Service Learning,9
489,15,New Life Students,Religious/Spiritual,9
490,15,Black Undergraduate Medical Association,Science/Technology/Engineering,10
491,15,Lebanese Student Association,Cultural/Ethnic,10
492,15,New Life Students,Religious/Spiritual,10
493,15,Black Undergraduate Medical Association,Science/Technology/Engineering,11
494,15,Lebanese Student Association,Cultural/Ethnic,11
495,15,New Life Students,Religious/Spiritual,11
496,15,Falun Dafa Student Association,Creative & Performing Arts,11
497,15,Legal Advocates for Children & Youth,Service/Service Learning,11
498,15,Black Undergraduate Medical Association,Science/Technology/Engineering,12
499,15,Lebanese Student Association,Cultural/Ethnic,12
500,15,New Life Students,Religious/Spiritual,12
501,15,Falun Dafa Student Association,Creative & Performing Arts,12
502,15,GIRLS at Michigan,Gender/Sexuality,C1
503,15,Dermatology Interest Group,Graduate/Professional,C1
504,15,Roe v. Rape at the University of Michigan,Gender/Sexuality,C1
505,15,GIRLS at Michigan,Gender/Sexuality,C2
506,15,Dermatology Interest Group,Graduate/Professional,C2
507,15,Roe v. Rape at the University of Michigan,Gender/Sexuality,C2
508,15,Student Archaeology Club ,Academic/Honor Societies,C2
509,15,Dermatology Interest Group,Graduate/Professional,C3
510,15,Roe v. Rape at the University of Michigan,Gender/Sexuality,C3
511,15,Student Archaeology Club ,Academic/Honor Societies,C3
512,15,Dermatology Interest Group,Graduate/Professional,C4
513,15,Roe v. Rape at the University of Michigan,Gender/Sexuality,C4
514,15,Student Archaeology Club ,Academic/Honor Societies,C4
515,15,Dermatology Interest Group,Graduate/Professional,C5
516,15,Roe v. Rape at the University of Michigan,Gender/Sexuality,C5
517,15,Student Archaeology Club ,Academic/Honor Societies,C5
518,15,Japan Student Association,Cultural/Ethnic,C5
519,15,Cognitive Strength Organization at the University of Michigan,Service/Service Learning,C5
520,16,Dermatology Interest Group,Graduate/Professional,5
521,16,Roe v. Rape at the University of Michigan,Gender/Sexuality,5
522,16,Student Archaeology Club ,Academic/Honor Societies,5
523,16,Japan Student Association,Cultural/Ethnic,5
524,16,Cognitive Strength Organization at the University of Michigan,Service/Service Learning,5
525,16,Swing Ann Arbor,Health & Wellness,5
526,16,Dermatology Interest Group,Graduate/Professional,6
527,16,Roe v. Rape at the University of Michigan,Gender/Sexuality,6
528,16,Student Archaeology Club ,Academic/Honor Societies,6
529,16,Japan Student Association,Cultural/Ethnic,6
530,16,Cognitive Strength Organization at the University of Michigan,Service/Service Learning,6
531,16,Swing Ann Arbor,Health & Wellness,6
532,16,Dermatology Interest Group,Graduate/Professional,7
533,16,Student Archaeology Club ,Academic/Honor Societies,7
534,16,Japan Student Association,Cultural/Ethnic,7
535,16,Cognitive Strength Organization at the University of Michigan,Service/Service Learning,7
536,16,Swing Ann Arbor,Health & Wellness,7
537,16,Dermatology Interest Group,Graduate/Professional,8
538,16,Student Archaeology Club ,Academic/Honor Societies,8
539,16,Cognitive Strength Organization at the University of Michigan,Service/Service Learning,8
540,16,Swing Ann Arbor,Health & Wellness,8
541,16,AIESEC,Graduate/Professional,9
542,16,Canterbury House,Environmental,9
543,16,Michigan Political Consulting ,Graduate/Professional,9
544,16,Michigan Hillel,Sport Clubs & Recreation,9
545,16,AIESEC,Graduate/Professional,10
546,16,Canterbury House,Environmental,10
547,16,Michigan Political Consulting ,Graduate/Professional,10
548,16,Michigan Hillel,Sport Clubs & Recreation,10
549,16,AIESEC,Graduate/Professional,11
550,16,Canterbury House,Environmental,11
551,16,Michigan Political Consulting ,Graduate/Professional,11
552,16,Michigan Hillel,Sport Clubs & Recreation,11
553,16,Michigan Backpacking Club,Health & Wellness,11
554,16,K-Motion,Creative & Performing Arts,11
555,16,Canterbury House,Environmental,12
556,16,Michigan Political Consulting ,Graduate/Professional,12
557,16,Michigan Hillel,Sport Clubs & Recreation,12
558,16,Michigan Backpacking Club,Health & Wellness,12
559,16,National Association for the Advancement of Colored People,Governance,C1
560,16,The Michigan Quidditch Team,Sport Clubs & Recreation,C1
561,16,The Ukrainian Club at UM,Activism,C1
562,16,Club Golf at Michigan,Sport Clubs & Recreation,C1
563,16,National Association for the Advancement of Colored People,Governance,C2
564,16,The Michigan Quidditch Team,Sport Clubs & Recreation,C2
565,16,The Ukrainian Club at UM,Activism,C2
566,16,Club Golf at Michigan,Sport Clubs & Recreation,C2
567,16,The Education Project at the University of Michigan,Service/Service Learning,C2
568,16,Intercollegiate Athlete Network,Health & Wellness,C2
569,16,National Association for the Advancement of Colored People,Governance,C3
570,16,The Michigan Quidditch Team,Sport Clubs & Recreation,C3
571,16,The Ukrainian Club at UM,Activism,C3
572,16,Club Golf at Michigan,Sport Clubs & Recreation,C3
573,16,National Association for the Advancement of Colored People,Governance,C4
574,16,The Michigan Quidditch Team,Sport Clubs & Recreation,C4
575,16,The Ukrainian Club at UM,Activism,C4
576,16,Club Golf at Michigan,Sport Clubs & Recreation,C4
577,16,FISLL at UMICH,Religious/Spiritual,C4
578,16,National Association for the Advancement of Colored People,Governance,C5
579,16,The Michigan Quidditch Team,Sport Clubs & Recreation,C5
580,16,The Ukrainian Club at UM,Activism,C5
581,16,Club Golf at Michigan,Sport Clubs & Recreation,C5
582,16,FISLL at UMICH,Religious/Spiritual,C5
583,16,Theta Delta Chi Fraternity,Social Fraternity/Sorority,C5
584,17,The Michigan Quidditch Team,Sport Clubs & Recreation,5
585,17,FISLL at UMICH,Religious/Spiritual,5
586,17,The Michigan Quidditch Team,Sport Clubs & Recreation,6
587,17,FISLL at UMICH,Religious/Spiritual,6
588,17,The Michigan Quidditch Team,Sport Clubs & Recreation,7
589,17,FISLL at UMICH,Religious/Spiritual,7
590,17,FISLL at UMICH,Religious/Spiritual,8
591,17,"Here Earning a Destiny through Honesty, Eagerness, and Determination of Self",Service/Service Learning,9
592,17,Students for Reproductive Rights and Justice ,Health & Wellness,9
593,18,The Dance Student Assembly,Governance,5
594,18,Phi Delta Epsilon International Medical Fraternity,Graduate/Professional,5
595,18,Public Health Association,Service/Service Learning,5
596,18,Entrepreneur and Venture Club,Business & Entrepreneurship,5
597,18,The Dance Student Assembly,Governance,6
598,18,Phi Delta Epsilon International Medical Fraternity,Graduate/Professional,6
599,18,Public Health Association,Service/Service Learning,6
600,18,Entrepreneur and Venture Club,Business & Entrepreneurship,6
601,18,Michigan Aviators,Science/Technology/Engineering,6
602,18,Asian Consortium for Economic Development,Cultural/Ethnic,6
603,18,The Dance Student Assembly,Governance,7
604,18,Phi Delta Epsilon International Medical Fraternity,Graduate/Professional,7
605,18,Entrepreneur and Venture Club,Business & Entrepreneurship,7
606,18,Michigan Aviators,Science/Technology/Engineering,7
607,18,Asian Consortium for Economic Development,Cultural/Ethnic,7
608,18,The Dance Student Assembly,Governance,8
609,18,Phi Delta Epsilon International Medical Fraternity,Graduate/Professional,8
610,18,Entrepreneur and Venture Club,Business & Entrepreneurship,8
611,18,Michigan Aviators,Science/Technology/Engineering,8
612,18,Asian Consortium for Economic Development,Cultural/Ethnic,8
613,18,Michigan Refugee Assistance Program ,Service/Service Learning,8
614,18,Student Hunger Initiative,Environmental,9
615,18,Couzens Hall Council,Health & Wellness,9
616,18,The Dance Student Assembly,Governance,9
617,18,"Zeta Phi Beta Sorority, Inc. Gamma Delta Chapter",Academic/Honor Societies,9
618,18,Student Hunger Initiative,Environmental,10
619,18,Couzens Hall Council,Health & Wellness,10
620,18,The Dance Student Assembly,Governance,10
621,18,"Zeta Phi Beta Sorority, Inc. Gamma Delta Chapter",Academic/Honor Societies,10
622,18,Thirst Project ,Activism,10
623,18,Student Hunger Initiative,Environmental,11
624,18,Couzens Hall Council,Health & Wellness,11
625,18,The Dance Student Assembly,Governance,11
626,18,"Zeta Phi Beta Sorority, Inc. Gamma Delta Chapter",Academic/Honor Societies,11
627,18,Thirst Project ,Activism,11
628,18,Student Hunger Initiative,Environmental,12
629,18,Couzens Hall Council,Health & Wellness,12
630,18,The Dance Student Assembly,Governance,12
631,18,Thirst Project ,Activism,12
632,18,Michigan Fabrication,Science/Technology/Engineering,C1
633,18,Developer Student Club at the University of Michigan,Science/Technology/Engineering,C1
634,18,Students Empowering Education,Service/Service Learning,C1
635,18,Biointerfaces Interlaboratory Committees,Academic/Honor Societies,C1
636,18,MRun - Running Club at the University of Michigan,Sport Clubs & Recreation,C1
637,18,Malt and Blue Scotch Society,Cultural/Ethnic,C1
638,18,Michigan Fabrication,Science/Technology/Engineering,C2
639,18,Developer Student Club at the University of Michigan,Science/Technology/Engineering,C2
640,18,Students Empowering Education,Service/Service Learning,C2
641,18,Biointerfaces Interlaboratory Committees,Academic/Honor Societies,C2
642,18,Malt and Blue Scotch Society,Cultural/Ethnic,C2
643,18,Michigan Fabrication,Science/Technology/Engineering,C3
644,18,Developer Student Club at the University of Michigan,Science/Technology/Engineering,C3
645,18,Students Empowering Education,Service/Service Learning,C3
646,18,Malt and Blue Scotch Society,Cultural/Ethnic,C3
647,18,Michigan Fabrication,Science/Technology/Engineering,C4
648,18,Developer Student Club at the University of Michigan,Science/Technology/Engineering,C4
649,18,Students Empowering Education,Service/Service Learning,C4
650,18,Malt and Blue Scotch Society,Cultural/Ethnic,C4
651,18,Queer Advocacy Coalition,Gender/Sexuality,C4
652,18,Michigan Fabrication,Science/Technology/Engineering,C5
653,18,Developer Student Club at the University of Michigan,Science/Technology/Engineering,C5
654,18,Students Empowering Education,Service/Service Learning,C5
655,18,Malt and Blue Scotch Society,Cultural/Ethnic,C5
656,18,Queer Advocacy Coalition,Gender/Sexuality,C5
657,19,Michigan Fabrication,Science/Technology/Engineering,5
658,19,Developer Student Club at the University of Michigan,Science/Technology/Engineering,5
659,19,Students Empowering Education,Service/Service Learning,5
660,19,Malt and Blue Scotch Society,Cultural/Ethnic,5
661,19,Queer Advocacy Coalition,Gender/Sexuality,5
662,19,Michigan Comics for Social Justice,Service/Service Learning,5
663,19,Michigan Fabrication,Science/Technology/Engineering,6
664,19,Developer Student Club at the University of Michigan,Science/Technology/Engineering,6
665,19,Students Empowering Education,Service/Service Learning,6
666,19,Malt and Blue Scotch Society,Cultural/Ethnic,6
667,19,Queer Advocacy Coalition,Gender/Sexuality,6
668,19,Michigan Comics for Social Justice,Service/Service Learning,6
669,19,GIRLS at Michigan,Health & Wellness,6
670,19,Michigan Fabrication,Science/Technology/Engineering,7
671,19,Developer Student Club at the University of Michigan,Science/Technology/Engineering,7
672,19,Students Empowering Education,Service/Service Learning,7
673,19,Malt and Blue Scotch Society,Cultural/Ethnic,7
674,19,Queer Advocacy Coalition,Gender/Sexuality,7
675,19,Michigan Comics for Social Justice,Service/Service Learning,7
676,19,GIRLS at Michigan,Health & Wellness,7
677,19,Developer Student Club at the University of Michigan,Science/Technology/Engineering,8
678,19,Students Empowering Education,Service/Service Learning,8
679,19,Malt and Blue Scotch Society,Cultural/Ethnic,8
680,19,Queer Advocacy Coalition,Gender/Sexuality,8
681,19,Michigan Comics for Social Justice,Service/Service Learning,8
682,19,GIRLS at Michigan,Health & Wellness,8
683,19,Child Welfare Student Association,Service/Service Learning,9
684,19,Egyptian Student Association,Cultural/Ethnic,9
685,19,Michigan Gospel Chorale,Religious/Spiritual,9
686,19,Maize Futbol Club,Sport Clubs & Recreation,9
687,19,Michigan Chapter of Triangle Fraternity,Social Fraternity/Sorority,9
688,19,Photonix/UAC,Creative & Performing Arts,9
689,19,Institute of Electrical and Electronics Engineers,Academic/Honor Societies,9
690,19,University of Michigan Permaculture Design Team,Health & Wellness,9
691,19,Egyptian Student Association,Cultural/Ethnic,10
692,19,Michigan Gospel Chorale,Religious/Spiritual,10
693,19,Maize Futbol Club,Sport Clubs & Recreation,10
694,19,Michigan Chapter of Triangle Fraternity,Social Fraternity/Sorority,10
695,19,Institute of Electrical and Electronics Engineers,Academic/Honor Societies,10
696,19,University of Michigan Permaculture Design Team,Health & Wellness,10
697,19,Egyptian Student Association,Cultural/Ethnic,11
698,19,Michigan Gospel Chorale,Religious/Spiritual,11
699,19,Maize Futbol Club,Sport Clubs & Recreation,11
700,19,Michigan Chapter of Triangle Fraternity,Social Fraternity/Sorority,11
701,19,Institute of Electrical and Electronics Engineers,Academic/Honor Societies,11
702,19,University of Michigan Permaculture Design Team,Health & Wellness,11
703,19,Egyptian Student Association,Cultural/Ethnic,12
704,19,Michigan Gospel Chorale,Religious/Spiritual,12
705,19,Maize Futbol Club,Sport Clubs & Recreation,12
706,19,Michigan Chapter of Triangle Fraternity,Social Fraternity/Sorority,12
707,19,Institute of Electrical and Electronics Engineers,Academic/Honor Societies,12
708,19,University of Michigan Permaculture Design Team,Health & Wellness,12
709,19,The American Constitution Society at the University of Michigan,Service/Service Learning,12
710,19,University Skateboard Collective,Health & Wellness,C1
711,19,Abeng Multicultural Council,Activism,C1
712,19,Cultural Heritage Law Society,Cultural/Ethnic,C1
713,19,Undergraduate Student National Dental Association Chapter at the University of Michigan,Graduate/Professional,C1
714,19,University of Michigan Figure Skating Club,Creative & Performing Arts,C1
715,19,General Management Club,Graduate/Professional,C1
716,19,Mentality Magazine,Activism,C1
717,19,University Skateboard Collective,Health & Wellness,C2
718,19,Abeng Multicultural Council,Activism,C2
719,19,Cultural Heritage Law Society,Cultural/Ethnic,C2
720,19,Undergraduate Student National Dental Association Chapter at the University of Michigan,Graduate/Professional,C2
721,19,University of Michigan Figure Skating Club,Creative & Performing Arts,C2
722,19,General Management Club,Graduate/Professional,C2
723,19,Mentality Magazine,Activism,C2
724,19,Video Game Music Club,Media & Creative Writing,C2
725,19,University Skateboard Collective,Health & Wellness,C3
726,19,Abeng Multicultural Council,Activism,C3
727,19,Cultural Heritage Law Society,Cultural/Ethnic,C3
728,19,Undergraduate Student National Dental Association Chapter at the University of Michigan,Graduate/Professional,C3
729,19,University of Michigan Figure Skating Club,Creative & Performing Arts,C3
730,19,General Management Club,Graduate/Professional,C3
731,19,Mentality Magazine,Activism,C3
732,19,Video Game Music Club,Media & Creative Writing,C3
733,19,University Skateboard Collective,Health & Wellness,C4
734,19,Abeng Multicultural Council,Activism,C4
735,19,Cultural Heritage Law Society,Cultural/Ethnic,C4
736,19,Undergraduate Student National Dental Association Chapter at the University of Michigan,Graduate/Professional,C4
737,19,University of Michigan Figure Skating Club,Creative & Performing Arts,C4
738,19,General Management Club,Graduate/Professional,C4
739,19,Mentality Magazine,Activism,C4
740,19,Video Game Music Club,Media & Creative Writing,C4
741,19,University Skateboard Collective,Health & Wellness,C5
742,19,Abeng Multicultural Council,Activism,C5
743,19,Cultural Heritage Law Society,Cultural/Ethnic,C5
744,19,Undergraduate Student National Dental Association Chapter at the University of Michigan,Graduate/Professional,C5
745,19,University of Michigan Figure Skating Club,Creative & Performing Arts,C5
746,19,General Management Club,Graduate/Professional,C5
747,19,Mentality Magazine,Activism,C5
748,19,Video Game Music Club,Media & Creative Writing,C5
749,20,General Management Club,Graduate/Professional,5
750,20,General Management Club,Graduate/Professional,6
751,20,Michigan Branch of Telluride Association,Academic/Honor Societies,6
752,20,Phi Epsilon Kappa,Academic/Honor Societies,6
753,20,Michigan Branch of Telluride Association,Academic/Honor Societies,7
754,20,Phi Epsilon Kappa,Academic/Honor Societies,7
755,20,Michigan Branch of Telluride Association,Academic/Honor Societies,8
756,20,Phi Epsilon Kappa,Academic/Honor Societies,8
757,20,Architectural Representative Committee,Creative & Performing Arts,9
758,20,Architectural Representative Committee,Creative & Performing Arts,10
759,20,Active Minds at the University of Michigan,Health & Wellness,10
760,20,Society for Advancement of Hispanics/Chicanos and Native Americans in Science at University of Michigan Chapter ,Service/Service Learning,10
761,20,Architectural Representative Committee,Creative & Performing Arts,11
762,20,Active Minds at the University of Michigan,Health & Wellness,11
763,20,Architectural Representative Committee,Creative & Performing Arts,12
764,20,Active Minds at the University of Michigan,Health & Wellness,12
765,20,Medical Students for Disability Health and Advocacy,Health & Wellness,C1
766,20,Medical Students for Disability Health and Advocacy,Health & Wellness,C2
767,20,Cooking Club at the University of Michigan,Cultural/Ethnic,C2
768,20,Cooking Club at the University of Michigan,Cultural/Ethnic,C3
769,20,Cooking Club at the University of Michigan,Cultural/Ethnic,C4
770,20,Alpha Theta Delta,Science/Technology/Engineering,C4
771,20,Cooking Club at the University of Michigan,Cultural/Ethnic,C5
772,20,Alpha Theta Delta,Science/Technology/Engineering,C5
773,20,Pi Alpha Phi,Cultural/Ethnic,C5
774,21,Markley Multicultural Affairs Council ,Activism,10
775,21,Beta Upsilon Chi,Religious/Spiritual,C2
776,21,Couzens Active Multi Ethnic Organization (CAMEO),Cultural/Ethnic,C4
777,22,Sunrise Ann Arbor,Environmental,C5
778,23,Sunrise Ann Arbor,Environmental,5
779,23,Sunrise Ann Arbor,Environmental,6
780,23,First Year Experience,Department,6
781,23,FitX: Health and Wellness Professional and Innovation Club,Graduate/Professional,6
782,23,Sunrise Ann Arbor,Environmental,7
783,23,First Year Experience,Department,7
784,23,Sunrise Ann Arbor,Environmental,8
785,23,First Year Experience,Department,8
786,23,Wishful Wolverine,Activism,9
787,23,Special Olympics College at the University of Michigan,Health & Wellness,9
788,23,FISLL at UMICH,Sport Clubs & Recreation,9
789,23,Wishful Wolverine,Activism,10
790,23,Wishful Wolverine,Activism,11
791,23,Groove/UAC,Creative & Performing Arts,11
792,23,Wishful Wolverine,Activism,12
793,23,Michigan China Forum,Science/Technology/Engineering,C1
794,23,Michigan China Forum,Science/Technology/Engineering,C2
795,23,COPE,Health & Wellness,C2
796,23,Michigan China Forum,Science/Technology/Engineering,C3
797,23,COPE,Health & Wellness,C3
798,23,Michigan China Forum,Science/Technology/Engineering,C4
799,23,COPE,Health & Wellness,C4
800,23,Michigan China Forum,Science/Technology/Engineering,C5
801,23,COPE,Health & Wellness,C5
802,23,Martin Luther King Jr. Planning Committee,Activism,C5
803,24,Michigan China Forum,Science/Technology/Engineering,5
804,24,COPE,Health & Wellness,5
805,24,Martin Luther King Jr. Planning Committee,Activism,5
806,24,Michigan Undergraduate Students of Statistics,Science/Technology/Engineering,5
807,24,COPE,Health & Wellness,6
808,24,Martin Luther King Jr. Planning Committee,Activism,6
809,24,Michigan Undergraduate Students of Statistics,Science/Technology/Engineering,6
810,24,COPE,Health & Wellness,7
811,24,Martin Luther King Jr. Planning Committee,Activism,7
812,24,Michigan Undergraduate Students of Statistics,Science/Technology/Engineering,7
813,24,Women in Mathematics,Gender/Sexuality,7
814,24,COPE,Health & Wellness,8
815,24,Martin Luther King Jr. Planning Committee,Activism,8
816,24,Michigan Undergraduate Students of Statistics,Science/Technology/Engineering,8
817,24,Women in Mathematics,Gender/Sexuality,8
818,24,University Musical Society Student Committee,Cultural/Ethnic,8
819,24,Michigan Journal of Asian Studies,Academic/Honor Societies,9
820,24,Michigan Argentine Tango Club,Creative & Performing Arts,9
821,24,optiMize,Environmental,9
822,24,Trans and GNC Arts Review,Gender/Sexuality,9
823,24,Health Policy Student Association,Graduate/Professional,9
824,24,Michigan Journal of Asian Studies,Academic/Honor Societies,10
825,24,Trans and GNC Arts Review,Gender/Sexuality,10
826,24,Health Policy Student Association,Graduate/Professional,10
827,24,Michigan Journal of Asian Studies,Academic/Honor Societies,11
828,24,Trans and GNC Arts Review,Gender/Sexuality,11
829,24,Health Policy Student Association,Graduate/Professional,11
830,24,Liberty in North Korea (LiNK),Cultural/Ethnic,11
831,24,American Chemical Society Polymer Division  Student Chapter,Academic/Honor Societies,11
832,24,Michigan Journal of Asian Studies,Academic/Honor Societies,12
833,24,Trans and GNC Arts Review,Gender/Sexuality,12
834,24,Health Policy Student Association,Graduate/Professional,12
835,24,Liberty in North Korea (LiNK),Cultural/Ethnic,12
836,24,The Collaborative Archaeology Workgroup,Academic/Honor Societies,C1
837,24,Bankruptcy Law Society,Graduate/Professional,C1
838,24,Seven Mile,Activism,C1
839,24,Design + Business,Media & Creative Writing,C1
840,24,The Collaborative Archaeology Workgroup,Academic/Honor Societies,C2
841,24,Bankruptcy Law Society,Graduate/Professional,C2
842,24,Seven Mile,Activism,C2
843,24,Design + Business,Media & Creative Writing,C2
844,24,The Collaborative Archaeology Workgroup,Academic/Honor Societies,C3
845,24,Bankruptcy Law Society,Graduate/Professional,C3
846,24,Design + Business,Media & Creative Writing,C3
847,24,The Collaborative Archaeology Workgroup,Academic/Honor Societies,C4
848,24,Bankruptcy Law Society,Graduate/Professional,C4
849,24,Design + Business,Media & Creative Writing,C4
850,24,Sikh Students Association,Cultural/Ethnic,C4
851,24,Student Interest Group in Neurology,Academic/Honor Societies,C4
852,24,The Collaborative Archaeology Workgroup,Academic/Honor Societies,C5
853,24,Bankruptcy Law Society,Graduate/Professional,C5
854,24,Design + Business,Media & Creative Writing,C5
855,24,Sikh Students Association,Cultural/Ethnic,C5
856,24,Student Interest Group in Neurology,Academic/Honor Societies,C5
857,25,Bankruptcy Law Society,Graduate/Professional,5
858,25,Design + Business,Media & Creative Writing,5
859,25,Student Interest Group in Neurology,Academic/Honor Societies,5
860,25,Bankruptcy Law Society,Graduate/Professional,6
861,25,Design + Business,Media & Creative Writing,6
862,25,Student Interest Group in Neurology,Academic/Honor Societies,6
863,25,Bankruptcy Law Society,Graduate/Professional,7
864,25,Design + Business,Media & Creative Writing,7
865,25,Student Interest Group in Neurology,Academic/Honor Societies,7
866,25,Bankruptcy Law Society,Graduate/Professional,8
867,25,Student Interest Group in Neurology,Academic/Honor Societies,8
868,25,Dreams Multicultural Council,Activism,9
869,25,"Sigma Lambda Beta International Fraternity, Inc.",Social Fraternity/Sorority,9
870,25,Cognitive Strength Organization at the University of Michigan,Service/Service Learning,9
871,25,American Geriatrics Society Student Chapter,Health & Wellness,9
872,25,"Sigma Lambda Beta International Fraternity, Inc.",Social Fraternity/Sorority,10
873,25,Cognitive Strength Organization at the University of Michigan,Service/Service Learning,10
874,25,"Sigma Lambda Beta International Fraternity, Inc.",Social Fraternity/Sorority,11
875,25,Cognitive Strength Organization at the University of Michigan,Service/Service Learning,11
876,25,Wolverine Tutors,Service/Service Learning,11
877,25,Cognitive Strength Organization at the University of Michigan,Service/Service Learning,12
878,25,Wolverine Tutors,Service/Service Learning,12
879,25,Michigan Gospel Chorale,Service/Service Learning,C1
880,25,Earthquake Engineering Research Institute,Science/Technology/Engineering,C1
881,25,Michigan Gospel Chorale,Service/Service Learning,C2
882,25,Earthquake Engineering Research Institute,Science/Technology/Engineering,C2
883,25,Atmospheres Making Positive Moments ,Health & Wellness,C2
884,25,Michigan Pompon,Sport Clubs & Recreation,C2
885,25,Earthquake Engineering Research Institute,Science/Technology/Engineering,C3
886,25,Michigan Pompon,Sport Clubs & Recreation,C3
887,25,Earthquake Engineering Research Institute,Science/Technology/Engineering,C4
888,25,Michigan Pompon,Sport Clubs & Recreation,C4
889,25,Earthquake Engineering Research Institute,Science/Technology/Engineering,C5
890,25,Michigan Pompon,Sport Clubs & Recreation,C5
891,25,"Delta Delta Delta, Iota Chapter",Social Fraternity/Sorority,C5
892,26,Botany Undergrads Doing Stuff,Environmental,7
893,26,Northwood Multicultural and Community Council,Cultural/Ethnic,7
894,26,Chaldean American Student Association,Health & Wellness,9
895,26,Chaldean American Student Association,Health & Wellness,10
896,26,Chaldean American Student Association,Health & Wellness,11
897,26,Global Brigades,Cultural/Ethnic,11
898,26,Creatives of Color,Creative & Performing Arts,C3
899,26,People of the Global Majority for the Environment,Graduate/Professional,C3
900,26,People of the Global Majority for the Environment,Graduate/Professional,C4
901,26,People of the Global Majority for the Environment,Graduate/Professional,C5
902,27,People of the Global Majority for the Environment,Graduate/Professional,5
903,27,People of the Global Majority for the Environment,Graduate/Professional,6
904,27,Redeemed Christian Fellowship,Religious/Spiritual,6
905,27,The Quito Project,Academic/Honor Societies,6
906,27,People of the Global Majority for the Environment,Graduate/Professional,7
907,27,The Quito Project,Academic/Honor Societies,7
908,27,The Quito Project,Academic/Honor Societies,8
909,27,Architectural Representative Committee,Governance,9
910,27,Society of American Archivists Student Chapter,Academic/Honor Societies,9
911,27,Wolverine Capital Investments,Graduate/Professional,9
912,27,Architectural Representative Committee,Governance,10
913,27,Society of American Archivists Student Chapter,Academic/Honor Societies,10
914,27,Wolverine Capital Investments,Graduate/Professional,10
915,27,Architectural Representative Committee,Governance,11
916,27,Wolverine Capital Investments,Graduate/Professional,11
917,27,Architectural Representative Committee,Governance,12
918,27,Wolverine Capital Investments,Graduate/Professional,12
919,27,Child Welfare Student Association,Graduate/Professional,12
920,27,The Youth Movement Against Alzheimer's,Service/Service Learning,C1
921,27,Global Brigades,Service/Service Learning,C1
922,27,Global Brigades,Service/Service Learning,C2
923,27,Global Brigades,Service/Service Learning,C3
924,27,Asian/Pacific Islander American Students in Business,Cultural/Ethnic,C3
925,27,Global Brigades,Service/Service Learning,C4
926,27,Asian/Pacific Islander American Students in Business,Cultural/Ethnic,C4
927,27,Michigan European Law Organization,Graduate/Professional,C4
928,27,Michigan European Law Organization,Graduate/Professional,C5
929,28,Michigan European Law Organization,Graduate/Professional,5
930,28,Chinese Culture Salon Seminars,Graduate/Professional,5
931,28,"Sigma Lambda Gamma National Sorority, Inc.",Service/Service Learning,5
932,28,Sierra Club at the University of Michigan,Environmental,5
933,28,Michigan European Law Organization,Graduate/Professional,6
934,28,Chinese Culture Salon Seminars,Graduate/Professional,6
935,28,"Sigma Lambda Gamma National Sorority, Inc.",Service/Service Learning,6
936,28,Sierra Club at the University of Michigan,Environmental,6
937,28,Wolverine Sports Analytics,Science/Technology/Engineering,6
938,29,Sierra Club at the University of Michigan,Environmental,5
939,29,Women Law Students Association,Service/Service Learning,8
940,29,University of Michigan Undergraduate Research Journal,Media & Creative Writing,C1
941,30,MRacing Formula SAE,Business & Entrepreneurship,5
942,30,Propel Business Club,Academic/Honor Societies,5
943,30,American Medical Women's Association,Health & Wellness,5
944,30,MRacing Formula SAE,Business & Entrepreneurship,6
945,30,Propel Business Club,Academic/Honor Societies,6
946,30,American Medical Women's Association,Health & Wellness,6
947,30,MRacing Formula SAE,Business & Entrepreneurship,7
948,30,Propel Business Club,Academic/Honor Societies,7
949,30,American Medical Women's Association,Health & Wellness,7
950,30,Medical Students for Choice,Health & Wellness,7
951,30,MRacing Formula SAE,Business & Entrepreneurship,8
952,30,Propel Business Club,Academic/Honor Societies,8
953,30,American Medical Women's Association,Health & Wellness,8
954,30,Medical Students for Choice,Health & Wellness,8
955,30,Michigan Waffle House,Activism,9
956,30,The Dot Org,Health & Wellness,9
957,30,Operation Smile at the University of Michigan,Service/Service Learning,9
958,30,Human Rights Advocates,Service/Service Learning,9
959,30,Michigan Waffle House,Activism,10
960,30,The Dot Org,Health & Wellness,10
961,30,Operation Smile at the University of Michigan,Service/Service Learning,10
962,30,Human Rights Advocates,Service/Service Learning,10
963,30,Michigan Waffle House,Activism,11
964,30,The Dot Org,Health & Wellness,11
965,30,Operation Smile at the University of Michigan,Service/Service Learning,11
966,30,Human Rights Advocates,Service/Service Learning,11
967,30,The Dot Org,Health & Wellness,12
968,30,Operation Smile at the University of Michigan,Service/Service Learning,12
969,30,Human Rights Advocates,Service/Service Learning,12
970,30,Global Business Club,Cultural/Ethnic,C1
971,30,Public Health Students of African Descent,Graduate/Professional,C1
972,30,First Year Information Program,Graduate/Professional,C1
973,30,Black Undergraduate Law Association ,Service/Service Learning,C1
974,30,Global Business Club,Cultural/Ethnic,C2
975,30,Public Health Students of African Descent,Graduate/Professional,C2
976,30,Black Undergraduate Law Association ,Service/Service Learning,C2
977,30,Global Business Club,Cultural/Ethnic,C3
978,30,Public Health Students of African Descent,Graduate/Professional,C3
979,30,Black Undergraduate Law Association ,Service/Service Learning,C3
980,30,La Salud ,Activism,C3
981,30,Chinese Psychology Student Association of UM,Health & Wellness,C3
982,30,Public Health Students of African Descent,Graduate/Professional,C4
983,30,Black Undergraduate Law Association ,Service/Service Learning,C4
984,30,La Salud ,Activism,C4
985,30,Chinese Psychology Student Association of UM,Health & Wellness,C4
986,30,Public Health Students of African Descent,Graduate/Professional,C5
987,30,La Salud ,Activism,C5
988,30,Chinese Psychology Student Association of UM,Health & Wellness,C5
