Internship ID,Student ID,Organization ID,Internship Name,Career Path,Is Desired Career Path,Interviewed?,Accepted?,Completed?,Start Date,End Date
1,1,73,Medical Epidemiologist Intern,Computer and Mathematical Occupations,True,False,False,False,2018-01-09,2018-02-28
2,1,15,Realtime Captioner Intern,Building and Grounds Cleaning and Maintenance Occupations,False,False,False,False,2018-01-03,2018-03-04
3,1,35,Unexploded Ordnance Quality Control Worker Intern,Management Occupations,False,False,False,False,2019-01-21,2019-04-08
4,1,87,Esthetician Intern,Educational Instruction and Library Occupations,False,True,True,False,2019-01-27,2019-04-04
5,1,12,School Bus Dispatcher Intern,Personal Care and Service Occupations,True,False,False,False,2020-01-24,2020-03-12
6,1,13,Neon Molder Intern,"Installation, Maintenance, and Repair Occupations",True,False,False,False,2020-01-15,2020-02-24
7,1,29,Grocery Stocker Intern,Business and Financial Operations Occupations,True,False,False,False,2020-01-20,2020-03-23
8,1,93,Dimmer Board Operator Intern,Protective Service Occupations,True,False,False,False,2020-01-08,2020-03-22
9,1,7,Victorian Literature Professor Intern,Building and Grounds Cleaning and Maintenance Occupations,True,False,False,False,2021-01-19,2021-03-16
10,1,31,Weather Analyst Intern,Architecture and Engineering Occupations,False,False,False,False,2021-01-23,2021-02-26
11,1,35,Flight Steward Intern,Food Preparation and Serving Related Occupations,True,False,False,False,2021-01-18,2021-02-23
12,1,8,Deputy Attorney General Intern,Educational Instruction and Library Occupations,True,True,True,False,2021-01-14,2021-03-23
13,1,3,Underground Bolting Machine Operator Intern,Building and Grounds Cleaning and Maintenance Occupations,False,False,False,False,2021-01-08,2021-02-15
14,1,28,School Social Worker Intern,"Arts, Design, Entertainment, Sports, and Media Occupations",True,True,True,False,2022-01-25,2022-02-28
15,1,62,Fire Extinguisher Installer Intern,Transportation and Material Moving Occupations,True,False,False,False,2022-01-12,2022-04-07
16,1,72,Acrobat Intern,Computer and Mathematical Occupations,True,False,False,False,2023-01-18,2023-03-08
17,1,84,Automotive Electrician Intern,Transportation and Material Moving Occupations,False,False,False,False,2023-01-03,2023-02-19
18,1,59,Blueprint Tracer Intern,Business and Financial Operations Occupations,False,False,False,False,2024-01-26,2024-03-16
19,1,17,High School Librarian Intern,Production Occupations,False,True,True,False,2024-01-02,2024-03-18
20,2,47,Biochemistry Technician Intern,Legal Occupations,False,False,False,False,2018-01-18,2018-04-02
21,2,28,Engraver Intern,"Arts, Design, Entertainment, Sports, and Media Occupations",True,True,True,False,2018-01-14,2018-03-27
22,2,96,Historiographer Intern,Community and Social Service Occupations,False,False,False,False,2018-01-17,2018-02-28
23,2,54,Alternative Dispute Resolution Coordinator Intern,Food Preparation and Serving Related Occupations,True,False,False,False,2019-01-30,2019-03-25
24,2,59,Cattle Driver Intern,Office and Administrative Support Occupations,False,False,False,False,2019-01-03,2019-03-05
25,2,79,Institutional Cook Intern,"Life, Physical, and Social Science Occupations",False,False,False,False,2019-01-15,2019-02-22
26,2,14,Electronic Intelligence Officer Intern,Food Preparation and Serving Related Occupations,False,False,False,False,2020-01-10,2020-03-18
27,2,34,Film Archivist Intern,Architecture and Engineering Occupations,True,False,False,False,2020-01-30,2020-04-26
28,2,67,Interior Designer Intern,Food Preparation and Serving Related Occupations,False,False,False,False,2020-01-15,2020-03-06
29,2,92,Electronic Intelligence (Elint) Intercept Operator/Analyst Intern,Community and Social Service Occupations,True,False,False,False,2020-01-25,2020-03-20
30,2,52,Professional Baseball Player Intern,"Life, Physical, and Social Science Occupations",True,False,False,False,2020-01-04,2020-03-16
31,2,57,Banquet Manager Intern,Healthcare Practitioners and Technical Occupations,True,True,True,False,2021-01-12,2021-02-17
32,2,37,Meter Maid Intern,Healthcare Practitioners and Technical Occupations,True,True,False,False,2021-01-19,2021-03-14
33,2,29,Municipal Fire Fighting and Prevention Supervisor Intern,Sales and Related Occupations,True,True,False,False,2021-01-19,2021-04-07
34,2,59,Hotel Concierge Intern,Architecture and Engineering Occupations,False,True,True,False,2022-01-13,2022-03-31
35,2,43,Funeral Home Assistant Intern,Healthcare Practitioners and Technical Occupations,True,True,False,False,2022-01-11,2022-03-08
36,2,99,Weighing Station Operator Intern,Food Preparation and Serving Related Occupations,True,False,False,False,2022-01-24,2022-03-11
37,2,69,Job Recruiter Intern,Educational Instruction and Library Occupations,False,True,False,False,2022-01-14,2022-02-20
38,2,26,Casino Slot Supervisor Intern,Business and Financial Operations Occupations,False,True,True,True,2023-01-18,2023-02-26
39,2,24,Television Audio Engineer Intern,"Farming, Fishing, and Forestry Occupations",True,True,False,False,2023-01-02,2023-03-16
40,2,44,Line Haul Driver Intern,Legal Occupations,True,True,True,False,2024-01-19,2024-02-28
41,2,96,Corporate Pilot Intern,Architecture and Engineering Occupations,True,True,False,False,2024-01-25,2024-04-19
42,3,29,Ditching Machine Operating Engineer Intern,Building and Grounds Cleaning and Maintenance Occupations,True,True,True,True,2018-01-06,2018-03-27
43,3,69,Detention Officer Intern,Legal Occupations,False,False,False,False,2018-01-14,2018-03-09
44,3,55,Set Designer Intern,Business and Financial Operations Occupations,True,False,False,False,2018-01-02,2018-03-15
45,3,42,Notary Public Intern,"Farming, Fishing, and Forestry Occupations",False,True,True,True,2019-01-03,2019-02-22
46,3,98,Cadastral Mapper Intern,Healthcare Practitioners and Technical Occupations,False,True,False,False,2019-01-03,2019-03-06
47,3,100,Anatomy Professor Intern,Business and Financial Operations Occupations,True,False,False,False,2019-01-28,2019-03-26
48,3,16,Wind Turbine Mechanic Intern,Protective Service Occupations,True,False,False,False,2020-01-20,2020-03-15
49,3,8,Automotive Salesperson Intern,Food Preparation and Serving Related Occupations,True,True,True,True,2021-01-13,2021-02-22
50,3,82,Parking Ramp Attendant Intern,Healthcare Support Occupations,True,True,False,False,2021-01-14,2021-03-03
51,3,17,Doll Maker Intern,Building and Grounds Cleaning and Maintenance Occupations,False,False,False,False,2022-01-15,2022-04-01
52,3,55,Rural Sociologist Intern,Management Occupations,False,False,False,False,2022-01-09,2022-03-06
53,3,57,Poultry Pathologist Intern,Computer and Mathematical Occupations,True,False,False,False,2022-01-24,2022-03-16
54,3,80,Oil Rig Driller Intern,Food Preparation and Serving Related Occupations,False,False,False,False,2023-01-04,2023-02-24
55,3,35,Display Specialist Intern,Building and Grounds Cleaning and Maintenance Occupations,True,False,False,False,2023-01-21,2023-03-15
56,3,45,Word Processor Intern,"Farming, Fishing, and Forestry Occupations",True,True,True,False,2024-01-07,2024-03-09
57,3,72,Data Integration Specialist Intern,"Arts, Design, Entertainment, Sports, and Media Occupations",False,False,False,False,2024-01-30,2024-04-13
58,4,66,Flight Test Mechanic Intern,Community and Social Service Occupations,False,False,False,False,2019-01-13,2019-03-25
59,4,16,Special Forces Senior Sergeant Intern,"Farming, Fishing, and Forestry Occupations",False,False,False,False,2019-01-07,2019-04-01
60,4,85,Flower Picker Intern,Military Specific Occupations,True,True,True,True,2020-01-19,2020-02-23
61,4,63,Gas Station Attendant Intern,Legal Occupations,True,False,False,False,2020-01-03,2020-02-15
62,4,50,Cardiac/Vascular Sonographer Intern,Transportation and Material Moving Occupations,True,False,False,False,2020-01-03,2020-03-21
63,4,16,Software Applications Architect Intern,Sales and Related Occupations,False,False,False,False,2020-01-14,2020-03-25
64,4,56,Construction Engineer Intern,Community and Social Service Occupations,False,False,False,False,2020-01-12,2020-03-12
65,4,79,Editorial Assistant Intern,Architecture and Engineering Occupations,False,False,False,False,2021-01-21,2021-03-10
66,4,39,Reforestation Worker Intern,"Farming, Fishing, and Forestry Occupations",True,False,False,False,2021-01-06,2021-03-29
67,4,31,Wildlife Officer Intern,Healthcare Support Occupations,False,False,False,False,2021-01-06,2021-04-04
68,4,44,Mix Crusher Operator Intern,Business and Financial Operations Occupations,True,True,True,False,2022-01-05,2022-03-22
69,4,3,Infantry Assaultman Intern,Protective Service Occupations,True,False,False,False,2022-01-08,2022-02-10
70,4,26,Executor of Estate Intern,Transportation and Material Moving Occupations,True,False,False,False,2022-01-25,2022-03-05
71,4,99,High School Special Education Resource Teacher Intern,Business and Financial Operations Occupations,False,True,True,True,2023-01-02,2023-02-05
72,4,53,Automobile Club Membership Sales Agent Intern,"Arts, Design, Entertainment, Sports, and Media Occupations",True,False,False,False,2023-01-19,2023-04-17
73,4,94,Speech Professor Intern,Computer and Mathematical Occupations,False,True,False,False,2023-01-27,2023-04-03
74,4,14,Tarp Repairer Intern,Office and Administrative Support Occupations,True,True,True,True,2024-01-10,2024-03-20
75,4,17,Dress Designer Intern,Computer and Mathematical Occupations,True,False,False,False,2024-01-15,2024-03-11
76,4,4,High School English Teacher Intern,Legal Occupations,False,False,False,False,2025-01-17,2025-04-15
77,4,20,M48/M60 Tank Driver Intern,Construction and Extraction Occupations,True,True,True,False,2025-01-22,2025-03-14
78,4,74,Nuclear Cardiology Technologist Intern,Construction and Extraction Occupations,True,True,False,False,2025-01-10,2025-02-21
79,4,70,Commercial Crabber Intern,Construction and Extraction Occupations,True,False,False,False,2025-01-24,2025-03-24
80,4,24,South Asian History Professor Intern,Protective Service Occupations,False,True,False,False,2025-01-09,2025-03-02
81,5,91,Service Order Clerk Intern,"Installation, Maintenance, and Repair Occupations",False,False,False,False,2019-01-22,2019-04-01
82,5,79,Public Information Director Intern,Food Preparation and Serving Related Occupations,True,True,True,True,2019-01-15,2019-03-12
83,5,16,Bridge Painter Helper Intern,Legal Occupations,True,True,False,False,2019-01-07,2019-03-12
84,5,87,Parcel Post Distribution Machine Operator Intern,Healthcare Practitioners and Technical Occupations,True,False,False,False,2019-01-30,2019-04-20
85,5,64,Advertising Director Intern,Management Occupations,True,False,False,False,2020-01-21,2020-03-30
86,5,61,Steam Turbine Assembler Intern,Protective Service Occupations,True,False,False,False,2020-01-28,2020-03-18
87,5,12,Dog Breeder Intern,Architecture and Engineering Occupations,True,True,True,False,2021-01-12,2021-03-03
88,5,54,Marketing Professor Intern,Personal Care and Service Occupations,True,False,False,False,2021-01-22,2021-03-17
89,5,89,Sugar Presser Intern,Transportation and Material Moving Occupations,False,True,False,False,2021-01-24,2021-04-21
90,5,1,Lawn Caretaker Intern,Protective Service Occupations,False,False,False,False,2022-01-29,2022-03-24
91,5,84,Convict Guard Intern,Office and Administrative Support Occupations,False,True,True,False,2022-01-29,2022-04-07
92,5,36,Telecommunication Engineer Intern,Food Preparation and Serving Related Occupations,True,True,True,False,2023-01-12,2023-03-17
93,5,82,Teller Supervisor Intern,Computer and Mathematical Occupations,True,False,False,False,2023-01-12,2023-02-23
94,5,28,Leather Lacer Intern,Business and Financial Operations Occupations,False,False,False,False,2023-01-11,2023-03-27
95,5,5,Aeronautical Engineer Intern,Architecture and Engineering Occupations,True,False,False,False,2024-01-24,2024-03-17
96,5,69,Flower Arranger Intern,Architecture and Engineering Occupations,False,True,True,False,2024-01-03,2024-02-29
97,5,25,Pit Steward Intern,Protective Service Occupations,True,False,False,False,2024-01-15,2024-03-07
98,5,97,Research Librarian Intern,Sales and Related Occupations,True,True,True,False,2025-01-28,2025-04-06
99,5,47,Cardiac Monitor Technician Intern,"Installation, Maintenance, and Repair Occupations",True,False,False,False,2025-01-06,2025-02-25
100,5,27,"Space And Missile Operations, Space Surveillance Intern","Farming, Fishing, and Forestry Occupations",True,False,False,False,2025-01-23,2025-04-11
101,6,5,Sightseeing Guide Intern,Construction and Extraction Occupations,False,True,True,False,2019-01-19,2019-03-27
102,6,96,Conservation Science Officer Intern,Management Occupations,False,False,False,False,2019-01-18,2019-03-02
103,6,76,Convict Guard Intern,Military Specific Occupations,True,False,False,False,2020-01-30,2020-04-13
104,6,46,Mobility Scooter Repairer Intern,Management Occupations,False,False,False,False,2020-01-22,2020-04-08
105,6,60,Warehouse Operations Manager Intern,Military Specific Occupations,False,False,False,False,2020-01-28,2020-04-03
106,6,91,Coat Cutter Intern,"Installation, Maintenance, and Repair Occupations",True,False,False,False,2021-01-18,2021-03-29
107,6,2,Deputy Chief Counsel Intern,Food Preparation and Serving Related Occupations,False,True,True,True,2021-01-17,2021-03-03
108,6,16,Management Consultant Intern,Computer and Mathematical Occupations,True,False,False,False,2021-01-05,2021-02-26
109,6,14,Envelope Stuffer Intern,Protective Service Occupations,False,False,False,False,2022-01-18,2022-04-07
110,6,21,Carpentry Instructor Intern,"Arts, Design, Entertainment, Sports, and Media Occupations",True,False,False,False,2023-01-10,2023-02-24
111,6,16,Biblical Languages Professor Intern,Computer and Mathematical Occupations,False,False,False,False,2023-01-20,2023-03-25
112,6,57,Cytogenetic Technologist Intern,Construction and Extraction Occupations,False,True,True,True,2023-01-25,2023-03-10
113,6,24,Kennel Attendant Intern,"Farming, Fishing, and Forestry Occupations",True,True,False,False,2023-01-27,2023-04-20
114,6,4,Foundry Molder Intern,Military Specific Occupations,False,False,False,False,2024-01-29,2024-04-25
115,6,30,Marine Air Ground Task Force (Magtf) Planners Intern,"Farming, Fishing, and Forestry Occupations",True,True,True,False,2024-01-24,2024-03-01
116,6,75,Staff Submarine Warfare Officer Intern,Architecture and Engineering Occupations,True,False,False,False,2024-01-12,2024-03-23
117,6,56,Paint Line Operator Intern,"Installation, Maintenance, and Repair Occupations",True,False,False,False,2025-01-15,2025-02-20
118,7,63,Gunner's Mate G (Guns) Intern,Computer and Mathematical Occupations,False,False,False,False,2020-01-25,2020-03-19
119,7,17,Story Teller Intern,Community and Social Service Occupations,False,False,False,False,2020-01-26,2020-03-29
120,7,39,Orthopedic Cast Specialist Intern,"Installation, Maintenance, and Repair Occupations",True,False,False,False,2020-01-21,2020-03-02
121,7,84,Brokerage Purchase-and-Sale Clerk Intern,Protective Service Occupations,True,False,False,False,2021-01-09,2021-03-24
122,7,91,Billboard Poster Intern,Personal Care and Service Occupations,True,False,False,False,2021-01-30,2021-03-11
123,7,53,Goat Herder Intern,Protective Service Occupations,True,False,False,False,2022-01-05,2022-03-27
124,7,52,Piano Professor Intern,"Farming, Fishing, and Forestry Occupations",False,True,True,True,2022-01-27,2022-04-26
125,7,48,Manual Lathe Machinist Intern,Healthcare Practitioners and Technical Occupations,True,True,True,False,2023-01-07,2023-03-09
126,7,15,Supply Room Clerk Intern,Construction and Extraction Occupations,True,True,False,False,2023-01-21,2023-03-07
127,7,42,Beef Farm Operator Intern,Educational Instruction and Library Occupations,False,True,False,False,2023-01-24,2023-03-02
128,7,6,Chief Financial Officer Intern,Healthcare Support Occupations,False,True,False,False,2023-01-04,2023-03-06
129,7,32,Cafeteria Server Intern,Computer and Mathematical Occupations,False,False,False,False,2024-01-24,2024-02-29
130,7,89,Violin Repairer Intern,Educational Instruction and Library Occupations,False,False,False,False,2024-01-17,2024-03-25
131,7,96,Programmer Analyst Intern,Production Occupations,False,False,False,False,2026-01-29,2026-04-06
132,7,54,Mobile Electronics Installation Specialist Intern,Business and Financial Operations Occupations,False,True,True,False,2026-01-10,2026-03-05
133,7,74,Public Health Professor Intern,Business and Financial Operations Occupations,True,True,False,False,2026-01-20,2026-04-13
134,8,1,GIS Professor Intern,"Farming, Fishing, and Forestry Occupations",True,False,False,False,2020-01-17,2020-02-18
135,8,67,Slaughterer Intern,Computer and Mathematical Occupations,True,False,False,False,2020-01-14,2020-03-10
136,8,99,Organic Chemist Intern,Building and Grounds Cleaning and Maintenance Occupations,True,False,False,False,2021-01-12,2021-04-04
137,8,56,Kennel Attendant Intern,Business and Financial Operations Occupations,False,True,True,False,2021-01-09,2021-04-06
138,8,32,Dog Beautician Intern,Personal Care and Service Occupations,False,False,False,False,2021-01-26,2021-03-26
139,8,20,Adult Nurse Practitioner Intern,Management Occupations,True,True,False,False,2021-01-10,2021-02-12
140,8,62,Bricklayer Helper Intern,"Arts, Design, Entertainment, Sports, and Media Occupations",False,False,False,False,2022-01-13,2022-04-05
141,8,73,Meat Trimmer Intern,Sales and Related Occupations,True,True,True,False,2022-01-03,2022-03-07
142,8,4,Shoe Maker Intern,Construction and Extraction Occupations,True,False,False,False,2023-01-02,2023-03-18
143,8,63,Club Concierge Intern,"Installation, Maintenance, and Repair Occupations",False,False,False,False,2023-01-14,2023-03-29
144,8,20,Histotechnician Intern,Healthcare Support Occupations,False,True,True,False,2023-01-02,2023-02-04
145,8,1,Signals Intelligence/Electronic Warfare Chief Intern,"Life, Physical, and Social Science Occupations",False,True,True,False,2024-01-10,2024-03-27
146,8,72,Residential Carpet Installer Intern,Construction and Extraction Occupations,False,True,False,False,2024-01-17,2024-03-18
147,8,21,Petroleum Refinery Control Panel Operator Intern,Military Specific Occupations,False,False,False,False,2024-01-08,2024-03-17
148,8,62,Production Cost Estimator Intern,"Life, Physical, and Social Science Occupations",True,True,True,False,2025-01-03,2025-03-26
149,8,12,Oil Well Cable Tool Operator Intern,Community and Social Service Occupations,False,False,False,False,2025-01-09,2025-03-23
150,8,22,Wardrobe Dresser Intern,Architecture and Engineering Occupations,False,True,False,False,2025-01-23,2025-03-09
151,8,96,Concrete Swimming Pool Installer Intern,Healthcare Support Occupations,False,False,False,False,2026-01-29,2026-03-15
152,8,92,Railroad Detective Intern,Transportation and Material Moving Occupations,False,True,True,True,2026-01-17,2026-03-03
153,8,27,Driver Education Instructor Intern,Transportation and Material Moving Occupations,True,True,False,False,2026-01-06,2026-02-11
154,9,86,Agricultural Production Engineer Intern,"Arts, Design, Entertainment, Sports, and Media Occupations",True,False,False,False,2020-01-16,2020-02-18
155,9,87,General Practitioner Intern,Military Specific Occupations,True,True,True,True,2020-01-10,2020-03-05
156,9,86,Glass Block Bender Intern,"Farming, Fishing, and Forestry Occupations",False,False,False,False,2020-01-24,2020-03-09
157,9,59,Optical Engineering Technician Intern,Management Occupations,False,True,True,False,2021-01-02,2021-03-07
158,9,49,Corporate Recruiter Intern,Management Occupations,False,False,False,False,2021-01-02,2021-02-04
159,9,50,Government Service Executive Intern,Community and Social Service Occupations,True,False,False,False,2021-01-21,2021-02-27
160,9,57,Education Counselor Intern,"Farming, Fishing, and Forestry Occupations",True,True,True,True,2022-01-19,2022-03-29
161,9,53,Youth Program Director Intern,Military Specific Occupations,True,False,False,False,2022-01-29,2022-04-20
162,9,1,Oyster Boat Laborer Intern,Building and Grounds Cleaning and Maintenance Occupations,False,False,False,False,2022-01-12,2022-02-22
163,9,54,Pulmonary Physical Therapist Intern,Business and Financial Operations Occupations,False,False,False,False,2022-01-04,2022-02-10
164,9,28,Software Test Engineer Intern,Healthcare Support Occupations,True,False,False,False,2023-01-04,2023-02-27
165,9,83,Mortician Helper Intern,Protective Service Occupations,True,True,True,False,2023-01-03,2023-03-22
166,9,78,Master Chef Intern,Educational Instruction and Library Occupations,True,True,False,False,2023-01-08,2023-03-22
167,9,7,Retreader Intern,Healthcare Practitioners and Technical Occupations,False,True,True,True,2024-01-24,2024-02-29
168,9,35,Drywall Taper Intern,Construction and Extraction Occupations,False,False,False,False,2024-01-06,2024-03-28
169,9,62,Waterproofer Intern,Legal Occupations,True,False,False,False,2024-01-14,2024-04-03
170,9,17,Streetcar Repairer Helper Intern,Educational Instruction and Library Occupations,False,True,True,False,2026-01-06,2026-03-04
171,9,73,Computer Hardware Developer Intern,Legal Occupations,False,False,False,False,2026-01-22,2026-03-20
172,9,14,Gerontological Nurse Practitioner Intern,Building and Grounds Cleaning and Maintenance Occupations,False,True,False,False,2026-01-14,2026-02-19
173,10,38,Histologic Aide Intern,Healthcare Practitioners and Technical Occupations,True,True,True,False,2021-01-26,2021-04-13
174,10,48,Welding Machine Operator Intern,"Installation, Maintenance, and Repair Occupations",False,False,False,False,2022-01-14,2022-03-04
175,10,61,Plate Glass Installer Intern,Production Occupations,False,False,False,False,2022-01-11,2022-04-01
176,10,60,Prosthetics Fabrication Technician Intern,Food Preparation and Serving Related Occupations,True,True,True,True,2023-01-02,2023-02-13
177,10,75,Aoc Strategy Plans And Operational Assessment Officer Intern,Community and Social Service Occupations,False,False,False,False,2023-01-15,2023-04-01
178,10,7,Forensic Psychologist Intern,Computer and Mathematical Occupations,False,True,True,False,2024-01-13,2024-04-05
179,10,47,Obstetrical Nurse Intern,Protective Service Occupations,True,False,False,False,2025-01-10,2025-02-19
180,10,36,Songwriter Intern,Military Specific Occupations,True,False,False,False,2025-01-23,2025-04-02
181,10,10,Mechatronics Technician Intern,Food Preparation and Serving Related Occupations,False,True,True,False,2025-01-22,2025-02-24
182,10,58,Poultry Hanger Intern,Transportation and Material Moving Occupations,True,True,True,False,2026-01-20,2026-03-28
183,10,6,Waste Management Engineer Intern,Computer and Mathematical Occupations,False,False,False,False,2026-01-21,2026-04-11
184,10,10,Stage Technician Intern,"Farming, Fishing, and Forestry Occupations",True,False,False,False,2026-01-28,2026-04-24
185,10,31,Intelligence Senior Sergeant Intern,"Arts, Design, Entertainment, Sports, and Media Occupations",True,False,False,False,2027-01-15,2027-04-12
186,10,37,Overhead Door Technician Intern,Office and Administrative Support Occupations,True,False,False,False,2027-01-13,2027-03-14
187,10,15,Certified Financial Planner Intern,Transportation and Material Moving Occupations,True,False,False,False,2027-01-05,2027-02-06
188,11,28,Multiple Launch Rocket System (Mlrs) Crewmember Intern,Management Occupations,False,False,False,False,2021-01-23,2021-03-08
189,11,19,Dump Truck Driver Intern,Production Occupations,True,True,True,False,2022-01-07,2022-03-24
190,11,100,Composition Professor Intern,Management Occupations,True,False,False,False,2022-01-13,2022-03-08
191,11,17,Chief Counterintelligence/Human Intelligence Sergeant Intern,Protective Service Occupations,False,False,False,False,2023-01-25,2023-04-05
192,11,79,Research Geologist Intern,Educational Instruction and Library Occupations,False,False,False,False,2024-01-29,2024-03-16
193,11,53,Insurance Agent Intern,Military Specific Occupations,True,True,True,True,2024-01-16,2024-03-09
194,11,91,Income Tax Advisor Intern,Building and Grounds Cleaning and Maintenance Occupations,False,False,False,False,2024-01-26,2024-03-09
195,11,9,Speech Professor Intern,Production Occupations,True,False,False,False,2025-01-03,2025-02-14
196,11,32,Timber Framer Intern,"Farming, Fishing, and Forestry Occupations",False,False,False,False,2026-01-16,2026-03-27
197,11,60,Carton Making Machine Operator Intern,Community and Social Service Occupations,False,True,True,False,2026-01-04,2026-03-13
198,11,44,Chopper Feeder Intern,Military Specific Occupations,True,False,False,False,2026-01-13,2026-03-27
199,11,92,Predatory Animal Trapper Intern,Healthcare Support Occupations,False,True,True,True,2027-01-20,2027-03-26
200,11,12,Mortgage Loan Processing Clerk Intern,Legal Occupations,False,False,False,False,2027-01-15,2027-03-27
201,12,1,Packaging Professor Intern,Management Occupations,True,True,True,True,2021-01-06,2021-02-12
202,12,95,Voice-Over Artist Intern,Healthcare Support Occupations,False,False,False,False,2021-01-12,2021-04-02
203,12,39,Prekindergarten Program Coordinator Intern,Sales and Related Occupations,False,True,True,True,2022-01-15,2022-04-08
204,12,27,Imagery Intelligence Intern,Computer and Mathematical Occupations,False,False,False,False,2022-01-28,2022-04-18
205,12,87,Crusher Plant Operator Intern,Business and Financial Operations Occupations,True,True,True,True,2023-01-30,2023-03-10
206,12,46,Copy Editor Intern,Computer and Mathematical Occupations,False,False,False,False,2023-01-14,2023-03-02
207,12,74,Unmanned Air Systems Operator Intern,Community and Social Service Occupations,True,True,False,False,2023-01-25,2023-03-27
208,12,5,Jewel Bearing Facer Intern,Sales and Related Occupations,True,False,False,False,2024-01-18,2024-04-04
209,12,60,Postal Service Window Clerk Intern,Educational Instruction and Library Occupations,False,True,True,False,2024-01-10,2024-02-20
210,12,56,Display Decorator Intern,Healthcare Practitioners and Technical Occupations,False,True,False,False,2024-01-15,2024-03-11
211,12,54,Triage Licensed Practical Nurse Intern,Production Occupations,True,False,False,False,2025-01-06,2025-03-09
212,12,76,Night Stocker Intern,Healthcare Practitioners and Technical Occupations,False,False,False,False,2025-01-25,2025-04-03
213,12,81,Forest Management Professor Intern,Management Occupations,False,False,False,False,2025-01-03,2025-02-22
214,12,81,Internist Intern,Building and Grounds Cleaning and Maintenance Occupations,False,False,False,False,2026-01-22,2026-02-26
215,12,98,Tool Maker Intern,Architecture and Engineering Occupations,True,True,True,True,2026-01-12,2026-03-26
216,12,14,Hospital Pharmacist Intern,Military Specific Occupations,False,True,False,False,2026-01-18,2026-04-14
217,12,64,Industrial Conveyor Belt Repairer Intern,Business and Financial Operations Occupations,False,True,False,False,2026-01-22,2026-04-08
218,12,14,Juke Box Mechanic Intern,Personal Care and Service Occupations,False,True,True,True,2027-01-09,2027-02-21
219,13,75,Route Sales Person Intern,Construction and Extraction Occupations,False,True,True,False,2022-01-29,2022-03-04
220,13,4,Bulk Cooler Installer Intern,"Installation, Maintenance, and Repair Occupations",False,True,False,False,2022-01-11,2022-02-28
221,13,39,Dub Room Engineer Intern,"Farming, Fishing, and Forestry Occupations",True,True,False,False,2022-01-21,2022-04-01
222,13,51,Strategic Intelligence Officer Intern,Business and Financial Operations Occupations,False,False,False,False,2022-01-02,2022-03-21
223,13,10,Oil Rig Driller Intern,Production Occupations,True,True,True,False,2023-01-14,2023-03-02
224,13,26,Furniture Designer Intern,Healthcare Practitioners and Technical Occupations,False,False,False,False,2023-01-03,2023-02-10
225,13,92,Feed Management Advisor Intern,"Life, Physical, and Social Science Occupations",False,True,False,False,2023-01-10,2023-02-14
226,13,34,Violist Intern,"Arts, Design, Entertainment, Sports, and Media Occupations",False,False,False,False,2023-01-18,2023-04-05
227,13,92,Clinical Nursing Professor Intern,Food Preparation and Serving Related Occupations,True,False,False,False,2024-01-29,2024-03-27
228,13,52,Movie Critic Intern,Architecture and Engineering Occupations,False,False,False,False,2024-01-28,2024-04-02
229,13,40,Process Analyst Intern,Healthcare Support Occupations,False,False,False,False,2025-01-12,2025-02-13
230,13,69,Telecommunication Engineer Intern,Healthcare Support Occupations,True,False,False,False,2025-01-18,2025-04-03
231,13,62,Music Pastor Intern,Construction and Extraction Occupations,False,False,False,False,2025-01-22,2025-03-19
232,13,61,Boat Painter Intern,Protective Service Occupations,False,False,False,False,2026-01-17,2026-02-18
233,13,78,Post Tensioning Ironworker Helper Intern,"Arts, Design, Entertainment, Sports, and Media Occupations",False,True,True,False,2026-01-30,2026-04-12
234,14,43,Electric Utility Lineworker Intern,Architecture and Engineering Occupations,True,False,False,False,2022-01-24,2022-03-22
235,14,85,Masonry Contractor Administrator Intern,Management Occupations,True,True,True,True,2023-01-23,2023-04-14
236,14,26,Au Pair Intern,Community and Social Service Occupations,True,True,False,False,2023-01-19,2023-04-05
237,14,20,Orthopedic Surgeon Intern,Protective Service Occupations,True,True,False,False,2023-01-02,2023-03-22
238,14,46,Classified Advertising Manager Intern,Architecture and Engineering Occupations,False,False,False,False,2024-01-24,2024-03-04
239,14,48,Mining Earth Moving Equipment Operator Intern,"Installation, Maintenance, and Repair Occupations",True,False,False,False,2024-01-22,2024-03-29
240,14,29,Aircraft Launch And Recovery Equipment Maintenance Technician Intern,Transportation and Material Moving Occupations,False,False,False,False,2024-01-25,2024-04-21
241,14,51,Forest Pathology Professor Intern,Protective Service Occupations,False,True,True,True,2025-01-21,2025-03-29
242,14,56,Customs Appraiser Intern,Legal Occupations,True,False,False,False,2025-01-28,2025-03-27
243,14,96,Auto Radio Mechanic Intern,Healthcare Support Occupations,True,False,False,False,2026-01-13,2026-03-26
244,14,3,Speed Belt Sander Intern,Military Specific Occupations,True,True,True,True,2026-01-05,2026-03-11
245,14,18,Professional Stock Car Driver Intern,Food Preparation and Serving Related Occupations,True,True,False,False,2026-01-18,2026-04-10
246,14,27,Sheet Rock Installer Intern,Management Occupations,False,False,False,False,2026-01-23,2026-03-15
247,14,94,Timber Faller Intern,Healthcare Practitioners and Technical Occupations,False,False,False,False,2027-01-06,2027-03-07
248,14,79,Conference Services Director Intern,Production Occupations,True,False,False,False,2027-01-30,2027-03-09
249,14,9,Locomotive Switch Operator Intern,"Farming, Fishing, and Forestry Occupations",True,False,False,False,2027-01-26,2027-03-23
250,14,9,Space And Missile Defense Operations Intern,Transportation and Material Moving Occupations,False,False,False,False,2028-01-03,2028-03-20
251,14,68,Mutuel Teller Intern,Legal Occupations,False,True,True,False,2028-01-13,2028-03-30
252,15,64,Snack Bar Cashier Intern,Architecture and Engineering Occupations,True,False,False,False,2022-01-29,2022-04-12
253,15,57,Piano Performance and Pedagogy Professor Intern,Personal Care and Service Occupations,False,False,False,False,2022-01-15,2022-04-05
254,15,65,Ferris Wheel Operator Intern,"Life, Physical, and Social Science Occupations",True,False,False,False,2022-01-06,2022-02-14
255,15,65,Feller Buncher Operator Intern,Management Occupations,False,True,True,True,2023-01-16,2023-03-30
256,15,69,Adobe Layer Helper Intern,Computer and Mathematical Occupations,False,True,False,False,2023-01-16,2023-03-20
257,15,54,Pollution Control Engineering Technician Intern,"Farming, Fishing, and Forestry Occupations",False,False,False,False,2024-01-06,2024-03-29
258,15,15,Poultry Cutter Intern,Military Specific Occupations,True,True,True,False,2024-01-08,2024-03-26
259,15,1,Clothes Designer Intern,"Life, Physical, and Social Science Occupations",True,True,False,False,2024-01-30,2024-04-19
260,15,67,Glass Decorator Intern,Transportation and Material Moving Occupations,True,False,False,False,2025-01-27,2025-04-10
261,15,62,Psychiatric Nursing Aide Intern,Office and Administrative Support Occupations,False,True,True,True,2025-01-26,2025-04-05
262,15,75,Tire Molder Intern,Protective Service Occupations,False,True,False,False,2025-01-12,2025-03-17
263,15,100,Insurance Sales Supervisor Intern,Food Preparation and Serving Related Occupations,False,True,True,False,2026-01-22,2026-03-18
264,15,51,Commercial Artist Intern,Healthcare Practitioners and Technical Occupations,False,True,True,False,2027-01-04,2027-04-02
265,15,11,Licensed Mental Health Counselor Intern,"Arts, Design, Entertainment, Sports, and Media Occupations",False,True,False,False,2027-01-15,2027-03-16
266,15,48,Bus Cleaner Intern,"Life, Physical, and Social Science Occupations",False,False,False,False,2027-01-18,2027-03-22
267,15,46,Expeditor Intern,Office and Administrative Support Occupations,False,True,False,False,2027-01-24,2027-04-22
268,15,26,Gaffer Intern,Healthcare Practitioners and Technical Occupations,True,True,True,False,2028-01-10,2028-02-28
269,15,80,Floor Finisher Intern,Architecture and Engineering Occupations,False,True,False,False,2028-01-30,2028-03-24
270,15,10,Processing Archivist Intern,Legal Occupations,False,False,False,False,2028-01-10,2028-02-19
271,15,89,Sheep Shearer Intern,"Arts, Design, Entertainment, Sports, and Media Occupations",False,True,False,False,2028-01-05,2028-02-14
272,16,49,Chromium Plater Intern,Business and Financial Operations Occupations,False,True,True,False,2023-01-27,2023-04-12
273,16,44,Congressional Representative Intern,Architecture and Engineering Occupations,False,False,False,False,2023-01-14,2023-04-11
274,16,72,Casino Manager Intern,Healthcare Support Occupations,True,False,False,False,2024-01-23,2024-04-20
275,16,3,Radio and Television Technical Director Intern,Production Occupations,True,False,False,False,2024-01-28,2024-04-10
276,16,82,Corporate Counsel Intern,Architecture and Engineering Occupations,True,True,True,True,2024-01-05,2024-03-15
277,16,56,Florist Intern,Healthcare Practitioners and Technical Occupations,False,False,False,False,2024-01-19,2024-03-18
278,16,33,In-Flight Technician Intern,Business and Financial Operations Occupations,True,False,False,False,2025-01-08,2025-04-03
279,16,26,Compressor Station Operator Intern,Business and Financial Operations Occupations,True,True,True,False,2025-01-22,2025-04-16
280,16,34,Back Hoe Operator Intern,Business and Financial Operations Occupations,True,True,True,True,2026-01-06,2026-02-16
281,16,46,Health Social Work Professor Intern,"Life, Physical, and Social Science Occupations",False,False,False,False,2026-01-20,2026-03-07
282,16,59,Licensed Esthetician Intern,Food Preparation and Serving Related Occupations,False,True,False,False,2026-01-04,2026-03-13
283,16,32,Beer Coil Cleaner Intern,Building and Grounds Cleaning and Maintenance Occupations,True,False,False,False,2027-01-02,2027-02-14
284,16,53,Tinsmith Intern,"Farming, Fishing, and Forestry Occupations",True,True,True,True,2027-01-05,2027-02-23
285,16,52,Route Sales Person Intern,Transportation and Material Moving Occupations,False,False,False,False,2028-01-08,2028-03-03
286,16,24,Crab Picker Intern,Food Preparation and Serving Related Occupations,True,True,True,True,2028-01-22,2028-03-29
287,16,95,Monorail Crane Operator Intern,Legal Occupations,False,False,False,False,2029-01-27,2029-03-31
288,16,98,Industrial Roofer Intern,Business and Financial Operations Occupations,True,True,True,True,2029-01-15,2029-02-17
289,16,53,Draughtsman Intern,Computer and Mathematical Occupations,True,False,False,False,2029-01-20,2029-04-13
290,16,56,Microeconomics Professor Intern,Architecture and Engineering Occupations,False,True,False,False,2029-01-19,2029-03-13
291,18,91,Trial Lawyer Intern,"Life, Physical, and Social Science Occupations",False,False,False,False,2023-01-19,2023-04-17
292,18,44,Network Technician Intern,Educational Instruction and Library Occupations,True,True,True,False,2024-01-10,2024-03-17
293,18,15,Marine Firefighter Intern,Transportation and Material Moving Occupations,True,True,False,False,2024-01-28,2024-03-19
294,18,85,Locksmith Intern,Legal Occupations,False,True,False,False,2024-01-20,2024-02-22
295,18,92,Wood Fence Installer Intern,Healthcare Practitioners and Technical Occupations,True,True,True,False,2025-01-23,2025-03-19
296,18,59,Iron Pourer Intern,"Installation, Maintenance, and Repair Occupations",True,True,False,False,2025-01-15,2025-04-02
297,18,20,Wood Tile Installer Intern,"Farming, Fishing, and Forestry Occupations",False,False,False,False,2025-01-20,2025-03-07
298,18,33,Tax Consultant Intern,Healthcare Practitioners and Technical Occupations,False,False,False,False,2026-01-12,2026-03-18
299,18,81,Personnel Clerk Intern,"Life, Physical, and Social Science Occupations",True,True,True,False,2027-01-07,2027-03-14
300,18,98,Landscape Installation Foreman Intern,Architecture and Engineering Occupations,False,True,False,False,2027-01-11,2027-02-25
301,18,97,Meat Processor Intern,Production Occupations,False,True,False,False,2027-01-30,2027-04-22
302,18,87,Front Desk Receptionist Intern,Computer and Mathematical Occupations,True,True,True,False,2029-01-22,2029-02-27
303,18,18,Sheet Rock Hanger Intern,Construction and Extraction Occupations,False,True,False,False,2029-01-05,2029-03-26
304,18,31,Textile Designer Intern,Food Preparation and Serving Related Occupations,False,True,False,False,2029-01-07,2029-02-25
305,19,29,Senior Air Director (Sad) Intern,Office and Administrative Support Occupations,False,False,False,False,2024-01-06,2024-03-29
306,19,19,Concrete Swimming Pool Installer Intern,"Arts, Design, Entertainment, Sports, and Media Occupations",False,True,True,True,2024-01-16,2024-03-07
307,19,93,Warehouse Manager Intern,Personal Care and Service Occupations,False,True,False,False,2024-01-06,2024-02-28
308,19,67,Lawn Care Worker Intern,Legal Occupations,False,False,False,False,2025-01-17,2025-04-07
309,19,71,Hydrotreater Operator Intern,Food Preparation and Serving Related Occupations,False,False,False,False,2025-01-06,2025-02-24
310,19,35,Columnist Intern,Healthcare Support Occupations,True,False,False,False,2026-01-22,2026-04-15
311,19,62,Provost Intern,Management Occupations,False,True,True,True,2026-01-18,2026-03-11
312,19,90,Econometrics Professor Intern,Legal Occupations,True,True,False,False,2026-01-18,2026-03-06
313,19,56,Fruit Buyer Intern,Architecture and Engineering Occupations,False,True,True,True,2027-01-20,2027-04-10
314,19,88,Gasoline Pump Installer Intern,Military Specific Occupations,False,True,False,False,2027-01-20,2027-03-30
315,19,56,Promotor(a) Intern,Office and Administrative Support Occupations,False,True,True,False,2028-01-15,2028-04-03
316,19,63,Weapons Military Characteristics Officer Intern,Protective Service Occupations,True,False,False,False,2028-01-28,2028-03-16
317,19,81,Pre-Kindergarten Teacher Intern,Building and Grounds Cleaning and Maintenance Occupations,True,True,True,False,2029-01-19,2029-03-13
318,19,54,Mineralogy Professor Intern,Computer and Mathematical Occupations,False,True,False,False,2029-01-12,2029-02-19
319,19,84,Commercial Credit Reviewer Intern,Architecture and Engineering Occupations,True,True,True,True,2030-01-04,2030-03-01
320,19,70,Clothes Ironer Intern,Management Occupations,False,False,False,False,2030-01-12,2030-03-27
321,19,42,Community Service Director Intern,"Farming, Fishing, and Forestry Occupations",True,True,False,False,2030-01-13,2030-03-13
322,19,79,Building Carpenter Intern,Production Occupations,False,False,False,False,2030-01-05,2030-03-17
323,20,38,Dining Car Server Intern,Legal Occupations,False,False,False,False,2024-01-20,2024-04-03
324,20,41,Information Systems Planner Intern,Transportation and Material Moving Occupations,False,True,True,False,2024-01-19,2024-03-05
325,20,73,Oral Pathologist Intern,Legal Occupations,True,True,False,False,2024-01-04,2024-02-05
326,20,82,Microeconomics Professor Intern,Protective Service Occupations,True,False,False,False,2025-01-07,2025-04-02
327,20,64,Film Editor Intern,Management Occupations,True,False,False,False,2025-01-12,2025-03-26
328,20,99,Agricultural Chemist Intern,Personal Care and Service Occupations,True,True,True,True,2025-01-28,2025-04-02
329,20,25,Groundwater Monitoring Technician Intern,Management Occupations,False,True,True,False,2026-01-07,2026-03-23
330,20,47,Roof Bolter Operator Intern,Healthcare Practitioners and Technical Occupations,True,True,False,False,2026-01-10,2026-03-15
331,20,10,City Letter Carrier Intern,Office and Administrative Support Occupations,False,True,True,False,2027-01-03,2027-02-23
332,20,69,Professor of Communication and Writing Intern,Healthcare Support Occupations,True,True,False,False,2027-01-12,2027-03-07
333,20,43,Strike Operations Officer Intern,Food Preparation and Serving Related Occupations,True,False,False,False,2027-01-27,2027-04-15
334,20,14,Fence Builder Intern,Healthcare Support Occupations,True,True,False,False,2027-01-17,2027-04-10
335,20,36,Airline Flight Attendant Intern,Transportation and Material Moving Occupations,True,True,True,True,2028-01-14,2028-02-24
336,20,5,Proposition Player Intern,"Arts, Design, Entertainment, Sports, and Media Occupations",False,False,False,False,2028-01-07,2028-03-20
337,20,95,Paper Conservator Intern,Legal Occupations,False,False,False,False,2028-01-25,2028-03-27
338,20,98,Post Office Markup Clerk Intern,Construction and Extraction Occupations,False,False,False,False,2028-01-29,2028-03-18
339,20,88,Secondary Education Professor Intern,Management Occupations,False,False,False,False,2029-01-20,2029-04-08
340,20,44,Motor Grader Operator Intern,Educational Instruction and Library Occupations,True,False,False,False,2029-01-05,2029-03-06
341,20,81,Probation Officer Intern,"Installation, Maintenance, and Repair Occupations",False,False,False,False,2030-01-18,2030-04-14
342,20,49,Osteologist Intern,Military Specific Occupations,True,True,True,True,2030-01-20,2030-03-13
343,20,20,Wafer Fabricator Intern,Management Occupations,False,True,False,False,2030-01-08,2030-02-20
344,21,47,Gambling Surveillance Observer Intern,Production Occupations,True,True,True,False,2024-01-04,2024-02-29
345,21,25,Pedicurist Intern,Military Specific Occupations,False,False,False,False,2024-01-16,2024-02-25
346,21,77,Rotary Engraver Intern,Personal Care and Service Occupations,True,False,False,False,2024-01-13,2024-02-26
347,21,81,Mental Health Technician Intern,Production Occupations,True,True,True,False,2025-01-25,2025-03-22
348,21,99,Clinical Medical Assistant Intern,Transportation and Material Moving Occupations,False,False,False,False,2025-01-23,2025-02-24
349,21,91,Quality Control Chemist Intern,Building and Grounds Cleaning and Maintenance Occupations,False,True,False,False,2025-01-06,2025-02-27
350,21,9,Manuscript Editor Intern,Food Preparation and Serving Related Occupations,True,True,True,False,2026-01-23,2026-04-22
351,21,9,Golf Club Manager Intern,Military Specific Occupations,True,False,False,False,2026-01-07,2026-03-13
352,21,94,Fashion Model Intern,"Farming, Fishing, and Forestry Occupations",True,False,False,False,2027-01-11,2027-03-08
353,21,37,Rabbi Intern,Production Occupations,False,False,False,False,2027-01-17,2027-02-18
354,21,90,Payroll Bookkeeper Intern,Community and Social Service Occupations,False,False,False,False,2027-01-12,2027-03-18
355,21,64,Computer Systems Consultant Intern,Business and Financial Operations Occupations,False,False,False,False,2028-01-27,2028-04-22
356,21,55,Scale Clerk Intern,"Life, Physical, and Social Science Occupations",True,True,True,True,2028-01-12,2028-03-17
357,21,12,Logging Equipment Mechanic Intern,Military Specific Occupations,False,False,False,False,2028-01-22,2028-04-20
358,21,70,Estate Appraiser Intern,Healthcare Practitioners and Technical Occupations,True,True,True,True,2029-01-05,2029-02-06
359,21,78,Meat Trimmer Intern,Sales and Related Occupations,False,True,False,False,2029-01-10,2029-03-22
360,21,97,Benefits Analyst Intern,"Life, Physical, and Social Science Occupations",False,True,False,False,2029-01-16,2029-04-11
361,21,58,Knitter Operator Intern,"Arts, Design, Entertainment, Sports, and Media Occupations",False,False,False,False,2030-01-17,2030-02-23
362,21,63,Electrical and Electronic Engineering Technologist Intern,Building and Grounds Cleaning and Maintenance Occupations,False,True,True,True,2030-01-11,2030-03-16
363,21,60,Certified Public Accountant Intern,Management Occupations,True,True,False,False,2030-01-22,2030-03-25
364,21,5,Drywall Installer Intern,Sales and Related Occupations,True,False,False,False,2030-01-06,2030-03-16
365,21,17,Viticulturist Intern,Building and Grounds Cleaning and Maintenance Occupations,False,False,False,False,2030-01-13,2030-04-03
366,22,80,Classified Ad Clerk Intern,Building and Grounds Cleaning and Maintenance Occupations,False,False,False,False,2025-01-26,2025-03-29
367,22,48,Geodetic Surveyor Intern,Community and Social Service Occupations,False,True,True,False,2025-01-13,2025-02-16
368,22,32,Tool Grinding Machine Operator Intern,Building and Grounds Cleaning and Maintenance Occupations,True,False,False,False,2026-01-11,2026-02-16
369,22,77,Railroad Car Inspector Intern,Food Preparation and Serving Related Occupations,True,False,False,False,2026-01-28,2026-04-01
370,22,14,Switchboard Wirer Intern,Construction and Extraction Occupations,True,True,True,True,2026-01-25,2026-03-31
371,22,38,Bindery Folder Operator Intern,Transportation and Material Moving Occupations,False,False,False,False,2027-01-29,2027-04-14
372,22,66,Museum Exhibit Technician Intern,Office and Administrative Support Occupations,False,False,False,False,2027-01-26,2027-03-03
373,22,26,Auditing Clerk Intern,Military Specific Occupations,True,True,True,True,2027-01-23,2027-03-30
374,22,25,Songwriter Intern,"Farming, Fishing, and Forestry Occupations",True,False,False,False,2028-01-13,2028-03-22
375,22,31,Cavalry Officer Intern,Community and Social Service Occupations,False,True,True,False,2028-01-10,2028-03-13
376,22,6,Medical Record Transcriber Intern,Protective Service Occupations,True,False,False,False,2029-01-23,2029-04-04
377,22,75,Clerical Supervisor Intern,Food Preparation and Serving Related Occupations,False,True,True,True,2029-01-24,2029-03-19
378,22,67,Shipfitter Apprentice Intern,Personal Care and Service Occupations,False,False,False,False,2029-01-29,2029-03-23
379,22,76,New Accounts Banking Representative Intern,Community and Social Service Occupations,True,False,False,False,2030-01-15,2030-03-19
380,22,42,Trolley Car Operator Intern,Production Occupations,False,True,True,False,2030-01-10,2030-03-21
381,22,19,Polysomnograph Tech Intern,"Arts, Design, Entertainment, Sports, and Media Occupations",False,True,False,False,2030-01-05,2030-02-23
382,22,36,Golf Cart Mechanic Intern,"Installation, Maintenance, and Repair Occupations",False,True,True,False,2031-01-15,2031-03-26
383,22,64,Team Automobile Assembler Intern,Community and Social Service Occupations,False,True,False,False,2031-01-28,2031-03-04
384,23,2,Food Technologist Intern,Building and Grounds Cleaning and Maintenance Occupations,False,False,False,False,2025-01-07,2025-03-11
385,23,43,Mortgage Closing Clerk Intern,Business and Financial Operations Occupations,True,False,False,False,2026-01-09,2026-02-18
386,23,77,Trumpeter Intern,Community and Social Service Occupations,True,False,False,False,2027-01-05,2027-03-26
387,23,48,Certified Social Workers In Health Care Intern,Legal Occupations,True,False,False,False,2027-01-24,2027-04-07
388,23,1,Trolley Car Mechanic Intern,Sales and Related Occupations,False,True,True,True,2027-01-20,2027-02-21
389,23,62,Stringed Instrument Repairer Intern,Healthcare Support Occupations,False,True,False,False,2027-01-06,2027-03-02
390,23,85,Concrete Mixer Truck Driver Intern,Computer and Mathematical Occupations,True,False,False,False,2028-01-06,2028-02-28
391,23,11,Installment Agent Intern,Production Occupations,True,True,True,False,2028-01-04,2028-02-06
392,23,31,Drug Abuse Counselor Intern,Production Occupations,False,True,True,False,2029-01-21,2029-02-26
393,23,30,Ceramic Engineer Intern,Community and Social Service Occupations,True,False,False,False,2029-01-30,2029-03-25
394,23,59,Bottle Capper Intern,"Installation, Maintenance, and Repair Occupations",False,True,False,False,2029-01-28,2029-03-18
395,23,94,Waste Treatment Operator Intern,Military Specific Occupations,False,False,False,False,2030-01-13,2030-03-21
396,23,93,Township Clerk Intern,Community and Social Service Occupations,True,True,True,True,2031-01-29,2031-04-08
397,23,50,Job Estimator Intern,Personal Care and Service Occupations,True,False,False,False,2031-01-26,2031-03-29
398,24,96,Structural Drafter Intern,Production Occupations,False,True,True,True,2025-01-20,2025-04-19
399,24,44,Health Insurance Sales Agent Intern,"Farming, Fishing, and Forestry Occupations",True,False,False,False,2025-01-24,2025-03-10
400,24,2,Bus Cleaner Intern,Healthcare Support Occupations,True,True,True,False,2026-01-22,2026-03-05
401,24,47,AIDS Counselor Intern,"Life, Physical, and Social Science Occupations",False,True,False,False,2026-01-28,2026-04-16
402,24,27,Hazardous Substances Engineer Intern,Building and Grounds Cleaning and Maintenance Occupations,True,True,False,False,2026-01-22,2026-03-05
403,24,37,Mortgage Closing Clerk Intern,Transportation and Material Moving Occupations,True,True,False,False,2026-01-13,2026-03-09
404,24,95,Gambling Department Head Intern,Office and Administrative Support Occupations,True,False,False,False,2027-01-11,2027-03-11
405,24,81,Magazine Designer Intern,Food Preparation and Serving Related Occupations,False,False,False,False,2027-01-02,2027-03-20
406,24,71,Logistician Intern,Personal Care and Service Occupations,True,True,True,True,2028-01-26,2028-03-31
407,24,90,Systems Programmer Intern,Healthcare Practitioners and Technical Occupations,True,False,False,False,2029-01-04,2029-02-12
408,24,41,Bryologist Intern,Business and Financial Operations Occupations,False,False,False,False,2031-01-06,2031-02-24
409,24,43,University Institutional Researcher Intern,"Installation, Maintenance, and Repair Occupations",False,False,False,False,2031-01-09,2031-02-10
410,24,45,Paver Installer Intern,"Installation, Maintenance, and Repair Occupations",False,False,False,False,2031-01-09,2031-04-05
411,25,68,X-Ray Technician Intern,Business and Financial Operations Occupations,True,True,True,True,2026-01-10,2026-04-08
412,25,86,Violin Repairer Intern,Legal Occupations,False,True,False,False,2026-01-24,2026-04-10
413,25,31,Educational Audiologist Intern,Healthcare Support Occupations,False,False,False,False,2027-01-07,2027-04-06
414,25,83,"Officer In Charge, Aviation Unit Or Detachment Intern",Computer and Mathematical Occupations,False,False,False,False,2027-01-30,2027-04-02
415,25,48,Operations Analyst Intern,"Installation, Maintenance, and Repair Occupations",False,False,False,False,2028-01-09,2028-03-07
416,25,27,Psychology Professor Intern,"Life, Physical, and Social Science Occupations",True,True,True,False,2028-01-16,2028-03-20
417,25,64,Automobile and Property Underwriter Intern,Computer and Mathematical Occupations,False,False,False,False,2028-01-30,2028-04-28
418,25,23,Master Plumber Intern,Construction and Extraction Occupations,True,True,True,False,2029-01-30,2029-03-12
419,25,97,Protector Plate Attacher Intern,Community and Social Service Occupations,False,True,True,False,2030-01-02,2030-02-04
420,25,10,Student Financial Aid Counselor Intern,"Life, Physical, and Social Science Occupations",False,True,True,True,2031-01-02,2031-03-29
421,25,89,Soloist Intern,Protective Service Occupations,True,False,False,False,2031-01-13,2031-04-05
422,25,26,Marine Pipefitter Intern,Management Occupations,False,False,False,False,2031-01-12,2031-02-27
423,25,77,Uniform Designer Intern,Production Occupations,False,True,True,True,2032-01-24,2032-04-19
424,25,68,Auto Glass Mechanic Intern,Transportation and Material Moving Occupations,False,True,False,False,2032-01-24,2032-04-13
425,26,47,Coat Cutter Intern,Protective Service Occupations,True,False,False,False,2026-01-23,2026-03-20
426,26,92,Radio Frequency Technician Intern,Protective Service Occupations,False,False,False,False,2026-01-19,2026-02-28
427,26,28,Maintenance Dispatcher Intern,Sales and Related Occupations,False,False,False,False,2027-01-28,2027-03-24
428,26,68,Trade Economist Intern,"Life, Physical, and Social Science Occupations",False,False,False,False,2027-01-11,2027-02-24
429,26,82,Cheese Processor Intern,Construction and Extraction Occupations,True,True,True,False,2029-01-04,2029-02-12
430,26,12,Monument Mason Intern,Legal Occupations,False,False,False,False,2030-01-28,2030-04-07
431,26,37,Cosmetologist Intern,Management Occupations,True,True,True,True,2030-01-23,2030-04-10
432,26,9,Tow Boat Captain Intern,Building and Grounds Cleaning and Maintenance Occupations,False,False,False,False,2030-01-20,2030-04-17
433,26,81,Public Health Professor Intern,"Life, Physical, and Social Science Occupations",False,False,False,False,2031-01-26,2031-03-20
434,26,23,Court Bailiff Intern,Production Occupations,False,False,False,False,2031-01-29,2031-04-22
435,26,70,Aoc Operations - Time Sensitive / Critical Targeting Officer Chief Intern,Sales and Related Occupations,True,False,False,False,2032-01-03,2032-02-17
436,26,83,Florist Intern,Sales and Related Occupations,True,True,True,True,2032-01-15,2032-04-12
437,26,60,Dining Car Server Intern,Architecture and Engineering Occupations,False,False,False,False,2032-01-07,2032-02-23
438,27,55,Licensed Acupuncturist Intern,Office and Administrative Support Occupations,True,False,False,False,2026-01-02,2026-03-12
439,27,18,Shrimp Peeler Intern,Office and Administrative Support Occupations,False,True,True,True,2026-01-19,2026-04-05
440,27,13,Physiotherapy Assistant Intern,Military Specific Occupations,True,True,False,False,2026-01-02,2026-03-27
441,27,66,Block Layer Intern,Business and Financial Operations Occupations,False,False,False,False,2027-01-04,2027-02-16
442,27,65,Systems Software Designer Intern,Building and Grounds Cleaning and Maintenance Occupations,True,True,True,True,2027-01-05,2027-03-02
443,27,19,Insulation Cutter Intern,Educational Instruction and Library Occupations,False,True,False,False,2027-01-28,2027-04-12
444,27,42,"Antisubmarine Classification And Analysis Officer, Aviation Intern",Management Occupations,False,True,True,True,2028-01-16,2028-03-08
445,27,32,Automotive Electrician Intern,Construction and Extraction Occupations,True,False,False,False,2028-01-29,2028-04-17
446,27,23,Paper Machine Supervisor Intern,"Life, Physical, and Social Science Occupations",False,True,False,False,2028-01-29,2028-03-02
447,27,30,Antisubmarine Weapons Officer Intern,Office and Administrative Support Occupations,False,False,False,False,2028-01-25,2028-02-27
448,27,34,Electrical Drafter Intern,Personal Care and Service Occupations,False,False,False,False,2028-01-06,2028-03-20
449,27,59,Steam Shovel Operating Engineer Intern,"Arts, Design, Entertainment, Sports, and Media Occupations",False,True,True,True,2029-01-07,2029-03-30
450,27,23,Movie Project Management Specialists Intern,Building and Grounds Cleaning and Maintenance Occupations,True,False,False,False,2030-01-08,2030-03-24
451,27,54,Pollution Control Engineering Technician Intern,Management Occupations,False,False,False,False,2030-01-29,2030-04-01
452,27,85,Hydraulic Plumber Intern,Construction and Extraction Occupations,True,False,False,False,2031-01-23,2031-04-17
453,27,28,Gunner's Mate M (Missiles) Intern,Healthcare Support Occupations,False,False,False,False,2031-01-29,2031-04-23
454,27,33,Marine Propulsion Technician Intern,Community and Social Service Occupations,True,False,False,False,2031-01-06,2031-03-22
455,27,90,Streetcar Repairer Helper Intern,Construction and Extraction Occupations,True,False,False,False,2031-01-16,2031-02-27
456,27,68,Electronic Pre-Press Technician Intern,Office and Administrative Support Occupations,False,False,False,False,2032-01-21,2032-03-24
457,27,80,Chemical Process Engineer Intern,Business and Financial Operations Occupations,True,True,True,False,2032-01-10,2032-03-16
458,27,38,Signalman Intern,Protective Service Occupations,True,True,False,False,2032-01-09,2032-02-14
459,29,33,Weather Analyst Intern,Office and Administrative Support Occupations,False,True,True,False,2027-01-14,2027-03-16
460,29,12,Ornamental Plasterer Helper Intern,Office and Administrative Support Occupations,False,False,False,False,2027-01-13,2027-03-23
461,29,73,Freight Agent Intern,"Farming, Fishing, and Forestry Occupations",False,False,False,False,2028-01-27,2028-04-20
462,29,80,Nuclear Monitoring Technician Intern,"Arts, Design, Entertainment, Sports, and Media Occupations",False,True,True,False,2029-01-29,2029-03-17
463,29,48,Slot Key Person Intern,"Life, Physical, and Social Science Occupations",False,True,False,False,2029-01-02,2029-03-24
464,29,79,Aoc Operations - Air Mobility / Logistics Officer Intern,Food Preparation and Serving Related Occupations,True,False,False,False,2030-01-08,2030-03-16
465,29,13,Dentofacial Orthopedics Dentist Intern,"Installation, Maintenance, and Repair Occupations",False,True,True,False,2031-01-24,2031-04-22
466,29,30,Log Grader Intern,Office and Administrative Support Occupations,True,True,False,False,2031-01-30,2031-03-21
467,29,100,Special Forces Senior Sergeant Intern,"Arts, Design, Entertainment, Sports, and Media Occupations",True,True,True,False,2032-01-07,2032-04-03
468,29,99,Histopathologist Intern,Office and Administrative Support Occupations,False,False,False,False,2032-01-24,2032-02-25
469,29,82,Dietitian Intern,Production Occupations,False,True,False,False,2032-01-17,2032-04-09
470,29,19,Bindery Folder Operator Intern,Healthcare Practitioners and Technical Occupations,False,True,True,False,2033-01-19,2033-03-05
471,29,21,Submarine Advisory Team Watch Officer Intern,Transportation and Material Moving Occupations,True,True,False,False,2033-01-16,2033-03-08
472,30,90,Inventory Control Clerk Intern,Food Preparation and Serving Related Occupations,True,True,True,True,2027-01-19,2027-03-09
473,30,68,Refractory Bricklayer Intern,Office and Administrative Support Occupations,True,True,False,False,2027-01-22,2027-03-21
474,30,65,Astrophysicist Intern,Personal Care and Service Occupations,False,True,True,True,2028-01-13,2028-03-21
475,30,86,Tax Clerk Intern,Community and Social Service Occupations,True,False,False,False,2029-01-05,2029-03-16
476,30,72,Clarinetist Intern,Food Preparation and Serving Related Occupations,True,False,False,False,2029-01-11,2029-04-09
477,30,3,Cardiac Surgeon Intern,Production Occupations,False,False,False,False,2030-01-29,2030-04-21
478,30,87,Home Service Demonstrator Intern,Production Occupations,False,True,True,False,2030-01-22,2030-03-23
479,30,2,Blood Bank Laboratory Technologist Intern,Computer and Mathematical Occupations,True,True,True,False,2031-01-25,2031-04-13
480,30,3,Antique Clock Repairer Intern,Community and Social Service Occupations,False,False,False,False,2031-01-17,2031-03-17
481,30,60,Coastal/Harbor Defense Officer Intern,Community and Social Service Occupations,True,True,False,False,2031-01-26,2031-03-17
482,30,17,Systems Software Specialist Intern,Production Occupations,False,False,False,False,2032-01-22,2032-03-11
483,30,95,Hemodialysis Technician Intern,Computer and Mathematical Occupations,False,False,False,False,2032-01-06,2032-03-13
484,30,100,Electric Motor Rewinder Intern,Sales and Related Occupations,False,False,False,False,2033-01-30,2033-04-22
